{"schematics":[{"docType":1,"title":"PCB CPU","dataStr":{"head":{"docType":"1","editorVersion":"6.4.25","newgId":true,"c_para":{"Prefix Start":"1"},"c_spiceCmd":"null","hasIdFlag":true,"uuid":"6236772b418f4ef0a6345d861ca51034","x":"0","y":"0","portOfADImportHack":"","importFlag":0,"transformList":""},"canvas":"CA~1000~1000~#FFFFFF~yes~#CCCCCC~5~1000~1000~line~5~pixel~5~0~0","shape":["LIB~0~-806~package`NONE`BOM_Manufacturer Part`?`spicePre`.`~~0~frame_lib_1~~~0~~yes~yes~~~#@$T~N~570.5~-809~0~#000080~Arial~~~~~comment~A~0~start~gge78~0~#@$PT~M 206 -796 L 206 -806 M 206 -10 L 206 0 M 402 -796 L 402 -806 M 402 -10 L 402 0 M 598 -796 L 598 -806 M 598 -10 L 598 0 M 794 -796 L 794 -806 M 794 -10 L 794 0 M 990 -796 L 990 -806 M 990 -10 L 990 0 M 10 -600 L 0 -600 M 1139 -600 L 1149 -600 M 10 -404 L 0 -404 M 1139 -404 L 1149 -404 M 10 -208 L 0 -208 M 1139 -208 L 1149 -208 M 10 -12 L 0 -12 M 1139 -12 L 1149 -12~#880000~1~0~none~gge6~0~frame_tick#@$T~P~571.5~-818~0~#000080~Arial~~~~~comment~A~0~start~gge77~0~#@$T~L~1.5~-698~0~#880000~~~~~~comment~A~1~start~gge7~0~frame_tick#@$T~L~1140.5~-698~0~#880000~~~~~~comment~A~1~start~gge9~0~frame_tick#@$T~L~1.5~-502~0~#880000~~~~~~comment~B~1~start~gge11~0~frame_tick#@$T~L~1140.5~-502~0~#880000~~~~~~comment~B~1~start~gge13~0~frame_tick#@$T~L~1.5~-306~0~#880000~~~~~~comment~C~1~start~gge15~0~frame_tick#@$T~L~1140.5~-306~0~#880000~~~~~~comment~C~1~start~gge17~0~frame_tick#@$T~L~1.5~-110~0~#880000~~~~~~comment~D~1~start~gge19~0~frame_tick#@$T~L~1140.5~-110~0~#880000~~~~~~comment~D~1~start~gge21~0~frame_tick#@$T~L~108~-797.5~0~#880000~~~~~~comment~1~1~start~gge23~0~frame_tick#@$T~L~108~-1.5~0~#880000~~~~~~comment~1~1~start~gge25~0~frame_tick#@$T~L~304~-797.5~0~#880000~~~~~~comment~2~1~start~gge27~0~frame_tick#@$T~L~304~-1.5~0~#880000~~~~~~comment~2~1~start~gge29~0~frame_tick#@$T~L~500~-797.5~0~#880000~~~~~~comment~3~1~start~gge31~0~frame_tick#@$T~L~500~-1.5~0~#880000~~~~~~comment~3~1~start~gge33~0~frame_tick#@$T~L~696~-797.5~0~#880000~~~~~~comment~4~1~start~gge35~0~frame_tick#@$T~L~696~-1.5~0~#880000~~~~~~comment~4~1~start~gge37~0~frame_tick#@$T~L~892~-797.5~0~#880000~~~~~~comment~5~1~start~gge39~0~frame_tick#@$T~L~892~-1.5~0~#880000~~~~~~comment~5~1~start~gge41~0~frame_tick#@$R~10~-796~~~1129~786~#880000~1~0~none~gge43~0~frame_innerbox#@$R~0~-806~~~1149~806~#880000~1~0~none~gge44~0~frame_outbox#@$R~694.99995~-90~~~444~80~#880000~1~0~none~gge45~0~frame_hitarea#@$PL~695.1 -50.75 1138.63 -50.75~#880000~1~0~none~gge46~0#@$PL~799.63 -30.75 1138.63 -30.75~#880000~1~0~none~gge47~0#@$PL~1059.61 -89.93 1059.63 -50.75~#880000~1~0~none~gge48~0#@$PL~1059.63 -50.75 1059.63 -30.75~#880000~1~0~none~gge49~0#@$T~L~699.99995~-77~0~#880000~~8pt~~~~comment~TITLE:~1~start~gge50~0~pinpart#@$T~L~757.62495~-64.41~0~#0000FF~~10pt~~~~comment~PCB CPU Jato de Grenalha~1~start~gge52~0~frame_title#@$T~L~1064.62495~-63.75~0~#880000~~8pt~~~~comment~REV:~1~start~gge54~0~pinpart#@$T~L~1102.62495~-63.75~0~#0000FF~~9pt~~~~comment~2.2~1~start~gge56~0~frame_version#@$T~L~804.62495~-15~0~#880000~~8pt~~~~comment~Date:~1~start~gge58~0~pinpart#@$T~L~851.62495~-14.52~0~#0000FF~~9pt~~~~comment~2021-07-21~1~start~gge60~0~frame_date#@$T~L~1063.62495~-35~0~#880000~~8pt~~~~comment~Sheet:~1~start~gge62~0~pinpart#@$T~L~1108.62495~-34.52~0~#0000FF~~9pt~~~~comment~1\/1~1~start~gge64~0~frame_sheet#@$T~L~943.62495~-14.75~0~#880000~~8pt~~~~comment~Drawn By:~1~start~gge66~0~pinpart#@$T~L~1005~-15~0~#0000FF~~9pt~~~~comment~Fabricio R. Neves~1~start~gge68~0~frame_drawn#@$T~L~804.62495~-36.75~0~#880000~~8pt~~~~comment~Company:~1~start~gge70~0~pinpart#@$T~L~871.24995~-36.64~0~#0000FF~~9pt~~~~comment~Fox Prime Industries~1~start~gge72~0~frame_company#@$PL~799.63 -50.75 799.63 -10.75~#880000~1~0~none~gge74~0","LIB~120~-650~package`1X2`BOM_Manufacturer``BOM_Manufacturer Part``BOM_Supplier Part``BOM_Supplier``link``Contributor`Allen Rogers`spicePre`P`spiceSymbolName`Pin Header`Package Display`No`~~0~ggeff2e19e69ac36a2f~42731c2eaa8e46e8a6949fc4dbae3eae~23e7b78616524e919eb16cce550b43e4~0~~yes~yes~~~#@$T~N~111.84375~-683.34375~0~#000080~Arial~~~~~comment~Pin Header~1~start~gge1921~0~#@$T~P~111.84375~-691.6875~0~#000080~Arial~~~~~comment~PH1~1~start~gge1923~0~#@$P~show~0~1~140~-660~~gge1925~0^^140~-660^^M 140 -660 h -20~#880000^^1~118~-657~0~1~end~~~#0000FF^^1~125~-661~0~1~start~~~#0000FF^^0~123~-660^^0~M 120 -663 L 117 -660 L 120 -657#@$P~show~0~2~140~-670~~gge1932~0^^140~-670^^M 140 -670 h -20~#880000^^1~118~-667~0~2~end~~~#0000FF^^1~125~-671~0~2~start~~~#0000FF^^0~123~-670^^0~M 120 -673 L 117 -670 L 120 -667#@$R~100~-680~~~20~30~#000000~1~0~none~gge1939~0~","W~140 -670 215 -670~#008800~1~0~none~gge1963~0","N~170~-670~0~#0000ff~32~gge1964~start~172~-672.5~Times New Roman~7pt~0","W~140 -660 215 -660~#008800~1~0~none~gge1972~0","N~170~-660~0~#0000ff~33~gge1973~start~172~-662.5~Times New Roman~7pt~0","W~1025 -535 1110 -535~#008800~1~0~none~gge1981~0","W~1025 -555 1110 -555~#008800~1~0~none~gge1982~0","N~1070~-555~0~#0000ff~32~gge1983~start~1072~-557.5~Times New Roman~7pt~0","N~1070~-535~0~#0000ff~33~gge1991~start~1072~-537.5~Times New Roman~7pt~0","LIB~895~-655~package`ESP32 HELTEC WIFI KIT 32`BOM_Manufacturer`HELTEC`BOM_Manufacturer Part`ZC-18`BOM_Supplier Part`ZC-18`BOM_Supplier`HELTEC`link`https:\/\/heltec.org\/project\/wifi-kit-32\/`Contributor`darmstrong`spicePre`U`spiceSymbolName`ESP32 HELTEC WIFI KIT 32 V2`~~0~gge2dc414076e101593~61f9a42cac3943e29a735cc742ac1bb4~de5d22e9edc54fdaa3742c7c0cd6ffe4~0~~yes~yes~~~#@$T~N~914.03125~-750~0~#000080~Arial~~~~~comment~ESP32 HELTEC WIFI KIT 32 V2~1~start~gge7942~0~#@$T~P~914.03125~-759~0~#000080~Arial~~~~~comment~LORA~1~start~gge7944~0~#@$R~835~-747~~~169~364~#000000~1~0~none~gge7946~0~#@$P~show~0~2~815~-715~180~gge7947~0^^815~-715^^M 815 -715 h 20~#880000^^1~837~-712~0~3V3~start~~~#0000FF^^1~830~-716~0~2~end~~~#0000FF^^0~832~-715^^0~M 835 -712 L 838 -715 L 835 -718#@$P~show~0~3~815~-695~180~gge7954~0^^815~-695^^M 815 -695 h 20~#880000^^1~837~-692~0~Vext~start~~~#0000FF^^1~830~-696~0~3~end~~~#0000FF^^0~832~-695^^0~M 835 -692 L 838 -695 L 835 -698#@$P~show~0~4~815~-675~180~gge7961~0^^815~-675^^M 815 -675 h 20~#880000^^1~837~-672~0~RST~start~~~#0000FF^^1~830~-676~0~4~end~~~#0000FF^^0~832~-675^^0~M 835 -672 L 838 -675 L 835 -678#@$P~show~0~5~815~-655~180~gge7968~0^^815~-655^^M 815 -655 h 20~#880000^^1~837~-652~0~D13~start~~~#0000FF^^1~830~-656~0~5~end~~~#0000FF^^0~832~-655^^0~M 835 -652 L 838 -655 L 835 -658#@$P~show~0~6~815~-635~180~gge7975~0^^815~-635^^M 815 -635 h 20~#880000^^1~837~-632~0~D12~start~~~#0000FF^^1~830~-636~0~6~end~~~#0000FF^^0~832~-635^^0~M 835 -632 L 838 -635 L 835 -638#@$P~show~0~7~815~-615~180~gge7982~0^^815~-615^^M 815 -615 h 20~#880000^^1~837~-612~0~D14~start~~~#0000FF^^1~830~-616~0~7~end~~~#0000FF^^0~832~-615^^0~M 835 -612 L 838 -615 L 835 -618#@$P~show~0~8~815~-595~180~gge7989~0^^815~-595^^M 815 -595 h 20~#880000^^1~837~-592~0~D27~start~~~#0000FF^^1~830~-596~0~8~end~~~#0000FF^^0~832~-595^^0~M 835 -592 L 838 -595 L 835 -598#@$P~show~0~9~815~-575~180~gge7996~0^^815~-575^^M 815 -575 h 20~#880000^^1~837~-572~0~D26~start~~~#0000FF^^1~830~-576~0~9~end~~~#0000FF^^0~832~-575^^0~M 835 -572 L 838 -575 L 835 -578#@$P~show~0~10~815~-555~180~gge8003~0^^815~-555^^M 815 -555 h 20~#880000^^1~837~-552~0~D25~start~~~#0000FF^^1~830~-556~0~10~end~~~#0000FF^^0~832~-555^^0~M 835 -552 L 838 -555 L 835 -558#@$P~show~0~11~815~-535~180~gge8010~0^^815~-535^^M 815 -535 h 20~#880000^^1~837~-532~0~D33~start~~~#0000FF^^1~830~-536~0~11~end~~~#0000FF^^0~832~-535^^0~M 835 -532 L 838 -535 L 835 -538#@$P~show~0~12~815~-515~180~gge8017~0^^815~-515^^M 815 -515 h 20~#880000^^1~837~-512~0~D32~start~~~#0000FF^^1~830~-516~0~12~end~~~#0000FF^^0~832~-515^^0~M 835 -512 L 838 -515 L 835 -518#@$P~show~0~13~815~-495~180~gge8024~0^^815~-495^^M 815 -495 h 20~#880000^^1~837~-492~0~D35~start~~~#0000FF^^1~830~-496~0~13~end~~~#0000FF^^0~832~-495^^0~M 835 -492 L 838 -495 L 835 -498#@$P~show~0~14~815~-475~180~gge8031~0^^815~-475^^M 815 -475 h 20~#880000^^1~837~-472~0~D34~start~~~#0000FF^^1~830~-476~0~14~end~~~#0000FF^^0~832~-475^^0~M 835 -472 L 838 -475 L 835 -478#@$P~show~0~15~815~-455~180~gge8038~0^^815~-455^^M 815 -455 h 20~#880000^^1~837~-452~0~D39~start~~~#0000FF^^1~830~-456~0~15~end~~~#0000FF^^0~832~-455^^0~M 835 -452 L 838 -455 L 835 -458#@$P~show~0~16~815~-435~180~gge8045~0^^815~-435^^M 815 -435 h 20~#880000^^1~837~-432~0~D38~start~~~#0000FF^^1~830~-436~0~16~end~~~#0000FF^^0~832~-435^^0~M 835 -432 L 838 -435 L 835 -438#@$P~show~0~17~815~-415~180~gge8052~0^^815~-415^^M 815 -415 h 20~#880000^^1~837~-412~0~D37~start~~~#0000FF^^1~830~-416~0~17~end~~~#0000FF^^0~832~-415^^0~M 835 -412 L 838 -415 L 835 -418#@$P~show~0~18~815~-395~180~gge8059~0^^815~-395^^M 815 -395 h 20~#880000^^1~837~-392~0~D36~start~~~#0000FF^^1~830~-396~0~18~end~~~#0000FF^^0~832~-395^^0~M 835 -392 L 838 -395 L 835 -398#@$P~show~0~19~1025~-395~0~gge8066~0^^1025~-395^^M 1025 -395 h -20~#880000^^1~1003~-392~0~D21~end~~~#0000FF^^1~1010~-396~0~19~start~~~#0000FF^^0~1008~-395^^0~M 1005 -398 L 1002 -395 L 1005 -392#@$P~show~0~20~1025~-415~0~gge8073~0^^1025~-415^^M 1025 -415 h -20~#880000^^1~1003~-412~0~D22~end~~~#0000FF^^1~1010~-416~0~20~start~~~#0000FF^^0~1008~-415^^0~M 1005 -418 L 1002 -415 L 1005 -412#@$P~show~0~21~1025~-435~0~gge8080~0^^1025~-435^^M 1025 -435 h -20~#880000^^1~1003~-432~0~D19~end~~~#0000FF^^1~1010~-436~0~21~start~~~#0000FF^^0~1008~-435^^0~M 1005 -438 L 1002 -435 L 1005 -432#@$P~show~0~22~1025~-455~0~gge8087~0^^1025~-455^^M 1025 -455 h -20~#880000^^1~1003~-452~0~D23~end~~~#0000FF^^1~1010~-456~0~22~start~~~#0000FF^^0~1008~-455^^0~M 1005 -458 L 1002 -455 L 1005 -452#@$P~show~0~23~1025~-475~0~gge8094~0^^1025~-475^^M 1025 -475 h -20~#880000^^1~1003~-472~0~D18~end~~~#0000FF^^1~1010~-476~0~23~start~~~#0000FF^^0~1008~-475^^0~M 1005 -478 L 1002 -475 L 1005 -472#@$P~show~0~24~1025~-495~0~gge8101~0^^1025~-495^^M 1025 -495 h -20~#880000^^1~1003~-492~0~D5~end~~~#0000FF^^1~1010~-496~0~24~start~~~#0000FF^^0~1008~-495^^0~M 1005 -498 L 1002 -495 L 1005 -492#@$P~show~0~25~1025~-515~0~gge8108~0^^1025~-515^^M 1025 -515 h -20~#880000^^1~1003~-512~0~D17~end~~~#0000FF^^1~1010~-516~0~25~start~~~#0000FF^^0~1008~-515^^0~M 1005 -518 L 1002 -515 L 1005 -512#@$P~show~0~26~1025~-535~0~gge8115~0^^1025~-535^^M 1025 -535 h -20~#880000^^1~1003~-532~0~D16~end~~~#0000FF^^1~1010~-536~0~26~start~~~#0000FF^^0~1008~-535^^0~M 1005 -538 L 1002 -535 L 1005 -532#@$P~show~0~27~1025~-555~0~gge8122~0^^1025~-555^^M 1025 -555 h -20~#880000^^1~1003~-552~0~D4~end~~~#0000FF^^1~1010~-556~0~27~start~~~#0000FF^^0~1008~-555^^0~M 1005 -558 L 1002 -555 L 1005 -552#@$P~show~0~28~1025~-575~0~gge8129~0^^1025~-575^^M 1025 -575 h -20~#880000^^1~1003~-572~0~D0~end~~~#0000FF^^1~1010~-576~0~28~start~~~#0000FF^^0~1008~-575^^0~M 1005 -578 L 1002 -575 L 1005 -572#@$P~show~0~29~1025~-595~0~gge8136~0^^1025~-595^^M 1025 -595 h -20~#880000^^1~1003~-592~0~D2~end~~~#0000FF^^1~1010~-596~0~29~start~~~#0000FF^^0~1008~-595^^0~M 1005 -598 L 1002 -595 L 1005 -592#@$P~show~0~30~1025~-615~0~gge8143~0^^1025~-615^^M 1025 -615 h -20~#880000^^1~1003~-612~0~D15~end~~~#0000FF^^1~1010~-616~0~30~start~~~#0000FF^^0~1008~-615^^0~M 1005 -618 L 1002 -615 L 1005 -612#@$P~show~0~31~1025~-635~0~gge8150~0^^1025~-635^^M 1025 -635 h -20~#880000^^1~1003~-632~0~D3~end~~~#0000FF^^1~1010~-636~0~31~start~~~#0000FF^^0~1008~-635^^0~M 1005 -638 L 1002 -635 L 1005 -632#@$P~show~0~32~1025~-655~0~gge8157~0^^1025~-655^^M 1025 -655 h -20~#880000^^1~1003~-652~0~D1~end~~~#0000FF^^1~1010~-656~0~32~start~~~#0000FF^^0~1008~-655^^0~M 1005 -658 L 1002 -655 L 1005 -652#@$P~show~0~33~1025~-675~0~gge8164~0^^1025~-675^^M 1025 -675 h -20~#880000^^1~1003~-672~0~Vext~end~~~#0000FF^^1~1010~-676~0~33~start~~~#0000FF^^0~1008~-675^^0~M 1005 -678 L 1002 -675 L 1005 -672#@$P~show~0~34~1025~-695~0~gge8171~0^^1025~-695^^M 1025 -695 h -20~#880000^^1~1003~-692~0~3V3~end~~~#0000FF^^1~1010~-696~0~34~start~~~#0000FF^^0~1008~-695^^0~M 1005 -698 L 1002 -695 L 1005 -692#@$P~show~0~35~1025~-715~0~gge8178~0^^1025~-715^^M 1025 -715 h -20~#880000^^1~1003~-712~0~5V~end~~~#0000FF^^1~1010~-716~0~35~start~~~#0000FF^^0~1008~-715^^0~M 1005 -718 L 1002 -715 L 1005 -712#@$P~show~0~36~1025~-735~0~gge8185~0^^1025~-735^^M 1025 -735 h -20~#880000^^1~1003~-732~0~GND~end~~~#0000FF^^1~1010~-736~0~36~start~~~#0000FF^^0~1008~-735^^0~M 1005 -738 L 1002 -735 L 1005 -732#@$P~show~4~1~815~-735~180~gge8192~0^^815~-735^^M 815 -735 h 20~#880000^^1~837~-732~0~GND~start~~~#0000FF^^1~830~-736~0~1~end~~~#0000FF^^0~832~-735^^0~M 835 -732 L 838 -735 L 835 -738#@$T~L~965~-615~0~#FF0000~~~~~~comment~OLED~1~start~gge8199~0~pinpart#@$T~L~955~-535~0~#FF0000~~~~~~comment~OLED~1~start~gge8201~0~pinpart#@$T~L~965~-555~0~#FF0000~~~~~~comment~OLED~1~start~gge8203~0~pinpart#@$T~L~945~-475~0~#0000FF~~7.5pt~~~~comment~SCK~1~start~gge8205~0~pinpart#@$T~L~945~-455~0~#0000FF~~7.5pt~~~~comment~MOSI~1~start~gge8207~0~pinpart#@$T~L~945~-435~0~#0000FF~~7.5pt~~~~comment~MISO~1~start~gge8209~0~pinpart#@$T~L~945~-415~0~#0000FF~~7.5pt~~~~comment~SCL~1~start~gge8211~0~pinpart#@$T~L~930~-398~0~#0000FF~~7.5pt~~~~comment~SDA\/Vext Ctrl~1~start~gge8213~0~pinpart#@$T~L~935~-575~0~#0000FF~~7.5pt~undefined~undefined~~comment~GP0,AD2.1~1~start~gge8215~0~pinpart#@$T~L~945~-515~0~#0000FF~~7.5pt~undefined~undefined~~comment~U2_TXD~1~start~gge8217~0~pinpart#@$T~L~855~-455~0~#0000FF~~7.5pt~undefined~undefined~~comment~AD1.3\/GP39~1~start~gge8219~0~pinpart#@$T~L~855~-435~0~#0000FF~~7.5pt~undefined~undefined~~comment~AD1.2\/GP38~1~start~gge8221~0~pinpart#@$T~L~855~-405~0~#0000FF~~7.5pt~undefined~undefined~~comment~AD1.1\/GP37~1~start~gge8223~0~pinpart#@$T~L~855~-395~0~#0000FF~~7.5pt~undefined~undefined~~comment~AD1.0\/GP36~1~start~gge8225~0~pinpart#@$T~L~855~-465~0~#0000FF~~7.5pt~undefined~undefined~~comment~AD1.6\/GP34~1~start~gge8227~0~pinpart#@$T~L~855~-485~0~#0000FF~~7.5pt~undefined~undefined~~comment~AD1.7\/GP35~1~start~gge8229~0~pinpart#@$T~L~855~-655~0~#0000FF~~7.5pt~undefined~undefined~~comment~AD2.4\/GP13~1~start~gge8231~0~pinpart#@$T~L~855~-635~0~#0000FF~~7.5pt~undefined~undefined~~comment~AD2.5\/GP12~1~start~gge8233~0~pinpart#@$T~L~855~-615~0~#0000FF~~7.5pt~undefined~undefined~~comment~AD2.6\/GP14~1~start~gge8235~0~pinpart#@$T~L~855~-595~0~#0000FF~~7.5pt~undefined~undefined~~comment~AD2.7\/GP27~1~start~gge8237~0~pinpart#@$T~L~855~-575~0~#0000FF~~7.5pt~undefined~undefined~~comment~AD2.9\/GP26~1~start~gge8239~0~pinpart#@$T~L~855~-555~0~#0000FF~~7.5pt~undefined~undefined~~comment~AD2.8\/GP25~1~start~gge8241~0~pinpart#@$T~L~855~-535~0~#0000FF~~7.5pt~undefined~undefined~~comment~AD1.5\/GP33~1~start~gge8243~0~pinpart#@$T~L~855~-515~0~#0000FF~~7.5pt~undefined~undefined~~comment~AD1.4\/GP32~1~start~gge8245~0~pinpart#@$T~L~925~-498~0~#0000FF~~7.5pt~undefined~undefined~~comment~VSPI_CS\/GP5~1~start~gge8247~0~pinpart#@$T~L~945~-655~0~#0000FF~~7.5pt~undefined~undefined~~comment~U0_TXD~1~start~gge8249~0~pinpart#@$T~L~945~-635~0~#0000FF~~7.5pt~undefined~undefined~~comment~U0_RXD~1~start~gge8251~0~pinpart#@$T~L~884~-734~0~#0000FF~~7.5pt~undefined~undefined~~comment~ESP32 WIFI\\nVERSION 2\\nHELTEC KIT 32~1~start~gge8253~0~pinpart","R~85~-705~~~150~120~#000000~1~0~none~gge8255~0~","R~65~-545~~~225~370~#000000~1~0~none~gge9891~0~","W~135 -525 210 -525~#008800~1~0~none~gge9903~0","W~135 -510 210 -510 210 -515~#008800~1~0~none~gge9905~0","W~135 -490 210 -490~#008800~1~0~none~gge9907~0","W~135 -475 210 -475 210 -480~#008800~1~0~none~gge9909~0","W~135 -405 210 -405 210 -410~#008800~1~0~none~gge9917~0","W~135 -420 210 -420~#008800~1~0~none~gge9918~0","W~135 -440 210 -440 210 -445~#008800~1~0~none~gge9919~0","W~135 -455 210 -455~#008800~1~0~none~gge9920~0","N~150~-525~0~#0000ff~24V~gge9959~start~152~-527.5~Times New Roman~7pt~0","N~150~-510~0~#0000ff~24V~gge9963~start~152~-512.5~Times New Roman~7pt~0","N~150~-490~0~#0000ff~24V~gge9967~start~152~-492.5~Times New Roman~7pt~0","N~150~-475~0~#0000ff~24V~gge9971~start~152~-477.5~Times New Roman~7pt~0","N~150~-455~0~#0000ff~Rele13~gge9975~start~152~-457.5~Times New Roman~7pt~0","N~150~-440~0~#0000ff~Rele14~gge9979~start~152~-442.5~Times New Roman~7pt~0","N~150~-420~0~#0000ff~Rele21~gge9983~start~152~-422.5~Times New Roman~7pt~0","N~150~-405~0~#0000ff~Rele22~gge9987~start~152~-407.5~Times New Roman~7pt~0","N~150~-385~0~#0000ff~SensorPorta~gge9991~start~152~-387.5~Times New Roman~7pt~0","N~150~-370~0~#0000ff~GND~gge9995~start~152~-372.5~Times New Roman~7pt~0","N~150~-350~0~#0000ff~5v~gge9999~start~152~-352.5~Times New Roman~7pt~0","N~150~-335~0~#0000ff~GND~gge10003~start~152~-337.5~Times New Roman~7pt~0","N~150~-315~0~#0000ff~5v~gge10007~start~152~-317.5~Times New Roman~7pt~0","N~150~-300~0~#0000ff~GND~gge10011~start~152~-302.5~Times New Roman~7pt~0","N~150~-280~0~#0000ff~MdSinal~gge10015~start~152~-282.5~Times New Roman~7pt~0","N~150~-265~0~#0000ff~GND~gge10019~start~152~-267.5~Times New Roman~7pt~0","N~150~-245~0~#0000ff~GND~gge10023~start~152~-247.5~Times New Roman~7pt~0","N~150~-230~0~#0000ff~GND~gge10027~start~152~-232.5~Times New Roman~7pt~0","N~150~-210~0~#0000ff~GND~gge10031~start~152~-212.5~Times New Roman~7pt~0","N~150~-195~0~#0000ff~GND~gge10035~start~152~-197.5~Times New Roman~7pt~0","T~L~95~-555~0~#0000FF~~9pt~~~~comment~Bornes de Entrada~1~start~gge10043~0~pinpart","T~L~90~-710~0~#0000FF~~9pt~~~~comment~Conex\u00e3o Interna Reles~1~start~gge10047~0~pinpart","LIB~120~-595~package`1X2`BOM_Manufacturer``BOM_Manufacturer Part``BOM_Supplier Part``BOM_Supplier``link``Contributor`Allen Rogers`spicePre`P`spiceSymbolName`Pin Header`Package Display`No`~~0~ggee083ab0025ca6877~42731c2eaa8e46e8a6949fc4dbae3eae~23e7b78616524e919eb16cce550b43e4~0~~yes~yes~~~#@$T~N~111.84375~-628.34375~0~#000080~Arial~~~~~comment~Pin Header~1~start~gge10054~0~#@$T~P~111.84375~-636.6875~0~#000080~Arial~~~~~comment~PH2~1~start~gge10056~0~#@$P~show~0~1~140~-605~~gge10058~0^^140~-605^^M 140 -605 h -20~#880000^^1~118~-602~0~1~end~~~#0000FF^^1~125~-606~0~1~start~~~#0000FF^^0~123~-605^^0~M 120 -608 L 117 -605 L 120 -602#@$P~show~0~2~140~-615~~gge10065~0^^140~-615^^M 140 -615 h -20~#880000^^1~118~-612~0~2~end~~~#0000FF^^1~125~-616~0~2~start~~~#0000FF^^0~123~-615^^0~M 120 -618 L 117 -615 L 120 -612#@$R~100~-625~~~20~30~#000000~1~0~none~gge10072~0~","W~140 -615 215 -615~#008800~1~0~none~gge10078~0","W~140 -605 215 -605~#008800~1~0~none~gge10079~0","N~175~-615~0~#0000ff~5v~gge10080~start~177~-617.5~Times New Roman~7pt~0","N~175~-605~0~#0000ff~GND~gge10088~start~177~-607.5~Times New Roman~7pt~0","LIB~360~-655~package`PINHEADER_1X18_P2.54MM_VERTICAL`BOM_Manufacturer``BOM_Manufacturer Part``BOM_Supplier Part``BOM_Supplier``link``Contributor`borys1990`spicePre`H`spiceSymbolName`pin_header 1x18_2.54mm`~~0~gge4b4ab4822a8c1e66~a8a7991aafce4602a17d67ffa8d88c47~cbd8ebe4ef714f61affd4e74b22c0e1a~0~~yes~yes~~~#@$T~N~360.765625~-671.78125~0~#000080~Arial~~~~~comment~pin_header 1x18_2.54mm~1~start~gge11499~0~#@$T~P~364.0390625~-681.78125~0~#000080~Arial~~~~~comment~H1~1~start~gge11501~0~#@$P~show~0~1~400~-655~0~gge11503~0^^400~-655^^M 400 -655 h -20~#880000^^1~378~-652~0~1~end~~~#0000FF^^1~385~-656~0~1~start~~~#0000FF^^0~383~-655^^0~M 380 -658 L 377 -655 L 380 -652#@$P~show~0~2~400~-645~0~gge11510~0^^400~-645^^M 400 -645 h -20~#880000^^1~378~-642~0~2~end~~~#0000FF^^1~385~-646~0~2~start~~~#0000FF^^0~383~-645^^0~M 380 -648 L 377 -645 L 380 -642#@$P~show~0~3~400~-635~0~gge11517~0^^400~-635^^M 400 -635 h -20~#880000^^1~378~-632~0~3~end~~~#0000FF^^1~385~-636~0~3~start~~~#0000FF^^0~383~-635^^0~M 380 -638 L 377 -635 L 380 -632#@$P~show~0~4~400~-625~0~gge11524~0^^400~-625^^M 400 -625 h -20~#880000^^1~378~-622~0~4~end~~~#0000FF^^1~385~-626~0~4~start~~~#0000FF^^0~383~-625^^0~M 380 -628 L 377 -625 L 380 -622#@$P~show~0~5~400~-615~0~gge11531~0^^400~-615^^M 400 -615 h -20~#880000^^1~378~-612~0~5~end~~~#0000FF^^1~385~-616~0~5~start~~~#0000FF^^0~383~-615^^0~M 380 -618 L 377 -615 L 380 -612#@$P~show~0~6~400~-605~0~gge11538~0^^400~-605^^M 400 -605 h -20~#880000^^1~378~-602~0~6~end~~~#0000FF^^1~385~-606~0~6~start~~~#0000FF^^0~383~-605^^0~M 380 -608 L 377 -605 L 380 -602#@$P~show~0~7~400~-595~0~gge11545~0^^400~-595^^M 400 -595 h -20~#880000^^1~378~-592~0~7~end~~~#0000FF^^1~385~-596~0~7~start~~~#0000FF^^0~383~-595^^0~M 380 -598 L 377 -595 L 380 -592#@$P~show~0~8~400~-585~0~gge11552~0^^400~-585^^M 400 -585 h -20~#880000^^1~378~-582~0~8~end~~~#0000FF^^1~385~-586~0~8~start~~~#0000FF^^0~383~-585^^0~M 380 -588 L 377 -585 L 380 -582#@$P~show~0~9~400~-575~0~gge11559~0^^400~-575^^M 400 -575 h -20~#880000^^1~378~-572~0~9~end~~~#0000FF^^1~385~-576~0~9~start~~~#0000FF^^0~383~-575^^0~M 380 -578 L 377 -575 L 380 -572#@$P~show~0~10~400~-565~0~gge11566~0^^400~-565^^M 400 -565 h -20~#880000^^1~378~-562~0~10~end~~~#0000FF^^1~385~-566~0~10~start~~~#0000FF^^0~383~-565^^0~M 380 -568 L 377 -565 L 380 -562#@$P~show~0~11~400~-555~0~gge11573~0^^400~-555^^M 400 -555 h -20~#880000^^1~378~-552~0~11~end~~~#0000FF^^1~385~-556~0~11~start~~~#0000FF^^0~383~-555^^0~M 380 -558 L 377 -555 L 380 -552#@$P~show~0~12~400~-545~0~gge11580~0^^400~-545^^M 400 -545 h -20~#880000^^1~378~-542~0~12~end~~~#0000FF^^1~385~-546~0~12~start~~~#0000FF^^0~383~-545^^0~M 380 -548 L 377 -545 L 380 -542#@$P~show~0~13~400~-535~0~gge11587~0^^400~-535^^M 400 -535 h -20~#880000^^1~378~-532~0~13~end~~~#0000FF^^1~385~-536~0~13~start~~~#0000FF^^0~383~-535^^0~M 380 -538 L 377 -535 L 380 -532#@$P~show~0~14~400~-525~0~gge11594~0^^400~-525^^M 400 -525 h -20~#880000^^1~378~-522~0~14~end~~~#0000FF^^1~385~-526~0~14~start~~~#0000FF^^0~383~-525^^0~M 380 -528 L 377 -525 L 380 -522#@$P~show~0~15~400~-515~0~gge11601~0^^400~-515^^M 400 -515 h -20~#880000^^1~378~-512~0~15~end~~~#0000FF^^1~385~-516~0~15~start~~~#0000FF^^0~383~-515^^0~M 380 -518 L 377 -515 L 380 -512#@$P~show~0~16~400~-505~0~gge11608~0^^400~-505^^M 400 -505 h -20~#880000^^1~378~-502~0~16~end~~~#0000FF^^1~385~-506~0~16~start~~~#0000FF^^0~383~-505^^0~M 380 -508 L 377 -505 L 380 -502#@$P~show~0~17~400~-495~0~gge11615~0^^400~-495^^M 400 -495 h -20~#880000^^1~378~-492~0~17~end~~~#0000FF^^1~385~-496~0~17~start~~~#0000FF^^0~383~-495^^0~M 380 -498 L 377 -495 L 380 -492#@$P~show~0~18~400~-485~0~gge11622~0^^400~-485^^M 400 -485 h -20~#880000^^1~378~-482~0~18~end~~~#0000FF^^1~385~-486~0~18~start~~~#0000FF^^0~383~-485^^0~M 380 -488 L 377 -485 L 380 -482#@$R~360~-665~~~20~190~#000000~1~0~none~gge11629~0~","W~815 -735 740 -735~#008800~1~0~none~gge11905~0","W~815 -715 740 -715~#008800~1~0~none~gge11909~0","W~815 -695 740 -695~#008800~1~0~none~gge11911~0","W~815 -675 740 -675~#008800~1~0~none~gge11913~0","W~815 -595 740 -595~#008800~1~0~none~gge11915~0","W~815 -615 740 -615~#008800~1~0~none~gge11916~0","W~815 -635 740 -635~#008800~1~0~none~gge11917~0","W~815 -655 740 -655~#008800~1~0~none~gge11918~0","W~815 -515 740 -515~#008800~1~0~none~gge11920~0","W~815 -535 740 -535~#008800~1~0~none~gge11921~0","W~815 -555 740 -555~#008800~1~0~none~gge11922~0","W~815 -575 740 -575~#008800~1~0~none~gge11923~0","W~815 -435 740 -435~#008800~1~0~none~gge11925~0","W~815 -455 740 -455~#008800~1~0~none~gge11926~0","W~815 -475 740 -475~#008800~1~0~none~gge11927~0","W~815 -495 740 -495~#008800~1~0~none~gge11928~0","W~815 -395 740 -395~#008800~1~0~none~gge11932~0","W~815 -415 740 -415~#008800~1~0~none~gge11933~0","N~740~-735~0~#0000ff~GND~gge11972~start~742~-737.5~Times New Roman~7pt~0","N~740~-715~0~#0000ff~5V~gge11976~start~742~-717.5~Times New Roman~7pt~0","N~740~-695~0~#0000ff~Vext~gge11980~start~742~-697.5~Times New Roman~7pt~0","N~740~-675~0~#0000ff~Vext2~gge11984~start~742~-677.5~Times New Roman~7pt~0","N~740~-655~0~#0000ff~RX~gge11988~start~742~-657.5~Times New Roman~7pt~0","N~740~-635~0~#0000ff~TX~gge11992~start~742~-637.5~Times New Roman~7pt~0","N~740~-615~0~#0000ff~RST~gge11996~start~742~-617.5~Times New Roman~7pt~0","N~740~-595~0~#0000ff~0~gge12000~start~742~-597.5~Times New Roman~7pt~0","N~740~-575~0~#0000ff~22~gge12004~start~742~-577.5~Times New Roman~7pt~0","N~740~-555~0~#0000ff~19~gge12008~start~742~-557.5~Times New Roman~7pt~0","N~740~-535~0~#0000ff~23~gge12012~start~742~-537.5~Times New Roman~7pt~0","N~740~-515~0~#0000ff~18~gge12016~start~742~-517.5~Times New Roman~7pt~0","N~740~-495~0~#0000ff~5~gge12020~start~742~-497.5~Times New Roman~7pt~0","N~740~-475~0~#0000ff~15~gge12024~start~742~-477.5~Times New Roman~7pt~0","N~740~-455~0~#0000ff~2~gge12028~start~742~-457.5~Times New Roman~7pt~0","N~740~-435~0~#0000ff~4~gge12032~start~742~-437.5~Times New Roman~7pt~0","N~740~-415~0~#0000ff~17~gge12036~start~742~-417.5~Times New Roman~7pt~0","N~740~-395~0~#0000ff~16~gge12040~start~742~-397.5~Times New Roman~7pt~0","N~1070~-395~0~#0000ff~21~gge12049~start~1072~-397.5~Times New Roman~7pt~0","N~1070~-415~0~#0000ff~13~gge12053~start~1072~-417.5~Times New Roman~7pt~0","N~1070~-435~0~#0000ff~12~gge12057~start~1072~-437.5~Times New Roman~7pt~0","N~1070~-455~0~#0000ff~14~gge12061~start~1072~-457.5~Times New Roman~7pt~0","N~1070~-475~0~#0000ff~27~gge12065~start~1072~-477.5~Times New Roman~7pt~0","N~1070~-495~0~#0000ff~26~gge12069~start~1072~-497.5~Times New Roman~7pt~0","N~1070~-515~0~#0000ff~25~gge12073~start~1072~-517.5~Times New Roman~7pt~0","N~1070~-575~0~#0000ff~35~gge12085~start~1072~-577.5~Times New Roman~7pt~0","N~1070~-595~0~#0000ff~34~gge12089~start~1072~-597.5~Times New Roman~7pt~0","N~1070~-615~0~#0000ff~39~gge12093~start~1072~-617.5~Times New Roman~7pt~0","N~1070~-635~0~#0000ff~38~gge12097~start~1072~-637.5~Times New Roman~7pt~0","N~1070~-655~0~#0000ff~37~gge12101~start~1072~-657.5~Times New Roman~7pt~0","N~1070~-675~0~#0000ff~36~gge12105~start~1072~-677.5~Times New Roman~7pt~0","N~1070~-695~0~#0000ff~3v3_2~gge12109~start~1072~-697.5~Times New Roman~7pt~0","N~1070~-715~0~#0000ff~3v3~gge12113~start~1072~-717.5~Times New Roman~7pt~0","N~1070~-735~0~#0000ff~GND2~gge12117~start~1072~-737.5~Times New Roman~7pt~0","W~1100 -415 1025 -415~#008800~1~0~none~gge12121~0","W~1100 -395 1025 -395~#008800~1~0~none~gge12122~0","W~1100 -495 1025 -495~#008800~1~0~none~gge12123~0","W~1100 -475 1025 -475~#008800~1~0~none~gge12124~0","W~1100 -455 1025 -455~#008800~1~0~none~gge12125~0","W~1100 -435 1025 -435~#008800~1~0~none~gge12126~0","W~1100 -575 1025 -575~#008800~1~0~none~gge12127~0","W~1100 -515 1025 -515~#008800~1~0~none~gge12130~0","W~1100 -655 1025 -655~#008800~1~0~none~gge12131~0","W~1100 -635 1025 -635~#008800~1~0~none~gge12132~0","W~1100 -615 1025 -615~#008800~1~0~none~gge12133~0","W~1100 -595 1025 -595~#008800~1~0~none~gge12134~0","W~1100 -675 1025 -675~#008800~1~0~none~gge12135~0","W~1100 -695 1025 -695~#008800~1~0~none~gge12136~0","W~1100 -715 1025 -715~#008800~1~0~none~gge12137~0","W~1100 -735 1025 -735~#008800~1~0~none~gge12138~0","W~400 -655 440 -655~#008800~1~0~none~gge12157~0","W~400 -645 440 -645~#008800~1~0~none~gge12159~0","W~400 -635 440 -635~#008800~1~0~none~gge12161~0","W~400 -605 440 -605~#008800~1~0~none~gge12163~0","W~400 -615 440 -615~#008800~1~0~none~gge12164~0","W~400 -625 440 -625~#008800~1~0~none~gge12165~0","W~400 -565 440 -565~#008800~1~0~none~gge12167~0","W~400 -555 440 -555~#008800~1~0~none~gge12168~0","W~400 -545 440 -545~#008800~1~0~none~gge12169~0","W~400 -575 440 -575~#008800~1~0~none~gge12170~0","W~400 -585 440 -585~#008800~1~0~none~gge12171~0","W~400 -595 440 -595~#008800~1~0~none~gge12172~0","W~400 -505 440 -505~#008800~1~0~none~gge12174~0","W~400 -495 440 -495~#008800~1~0~none~gge12175~0","W~400 -485 440 -485~#008800~1~0~none~gge12176~0","W~400 -515 440 -515~#008800~1~0~none~gge12177~0","W~400 -525 440 -525~#008800~1~0~none~gge12178~0","W~400 -535 440 -535~#008800~1~0~none~gge12179~0","N~420~-485~0~#0000ff~16~gge12181~start~422~-487.5~Times New Roman~7pt~0","N~420~-495~0~#0000ff~17~gge12185~start~422~-497.5~Times New Roman~7pt~0","N~420~-505~0~#0000ff~4~gge12189~start~422~-507.5~Times New Roman~7pt~0","N~420~-515~0~#0000ff~2~gge12193~start~422~-517.5~Times New Roman~7pt~0","N~420~-525~0~#0000ff~15~gge12197~start~422~-527.5~Times New Roman~7pt~0","N~420~-535~0~#0000ff~5~gge12201~start~422~-537.5~Times New Roman~7pt~0","N~420~-545~0~#0000ff~18~gge12205~start~422~-547.5~Times New Roman~7pt~0","N~420~-555~0~#0000ff~23~gge12209~start~422~-557.5~Times New Roman~7pt~0","N~420~-565~0~#0000ff~19~gge12213~start~422~-567.5~Times New Roman~7pt~0","N~420~-575~0~#0000ff~22~gge12217~start~422~-577.5~Times New Roman~7pt~0","N~420~-585~0~#0000ff~0~gge12221~start~422~-587.5~Times New Roman~7pt~0","N~420~-595~0~#0000ff~RST~gge12225~start~422~-597.5~Times New Roman~7pt~0","N~420~-605~0~#0000ff~TX~gge12229~start~422~-607.5~Times New Roman~7pt~0","N~420~-615~0~#0000ff~RX~gge12233~start~422~-617.5~Times New Roman~7pt~0","N~420~-625~0~#0000ff~Vext2~gge12237~start~422~-627.5~Times New Roman~7pt~0","N~420~-635~0~#0000ff~Vext~gge12241~start~422~-637.5~Times New Roman~7pt~0","N~420~-645~0~#0000ff~5V~gge12245~start~422~-647.5~Times New Roman~7pt~0","N~420~-655~0~#0000ff~GND~gge12249~start~422~-657.5~Times New Roman~7pt~0","W~400 -300 440 -300~#008800~1~0~none~gge12329~0","W~400 -290 440 -290~#008800~1~0~none~gge12330~0","W~400 -280 440 -280~#008800~1~0~none~gge12331~0","W~400 -250 440 -250~#008800~1~0~none~gge12332~0","W~400 -260 440 -260~#008800~1~0~none~gge12333~0","W~400 -270 440 -270~#008800~1~0~none~gge12334~0","W~400 -360 440 -360~#008800~1~0~none~gge12335~0","W~400 -350 440 -350~#008800~1~0~none~gge12336~0","W~400 -340 440 -340~#008800~1~0~none~gge12337~0","W~400 -310 440 -310~#008800~1~0~none~gge12338~0","W~400 -320 440 -320~#008800~1~0~none~gge12339~0","W~400 -330 440 -330~#008800~1~0~none~gge12340~0","W~400 -390 440 -390~#008800~1~0~none~gge12341~0","W~400 -380 440 -380~#008800~1~0~none~gge12342~0","W~400 -370 440 -370~#008800~1~0~none~gge12343~0","W~400 -400 440 -400~#008800~1~0~none~gge12344~0","W~400 -410 440 -410~#008800~1~0~none~gge12345~0","W~400 -420 440 -420~#008800~1~0~none~gge12346~0","LIB~360~-420~package`PINHEADER_1X18_P2.54MM_VERTICAL`BOM_Manufacturer``BOM_Manufacturer Part``BOM_Supplier Part``BOM_Supplier``link``Contributor`borys1990`spicePre`H`spiceSymbolName`pin_header 1x18_2.54mm`~~0~gge5268213ad15800bc~a8a7991aafce4602a17d67ffa8d88c47~cbd8ebe4ef714f61affd4e74b22c0e1a~0~~yes~yes~~~#@$T~N~360.7890625~-436.84375~0~#000080~Arial~~~~~comment~pin_header 1x18_2.54mm~1~start~gge12349~0~#@$T~P~364.0390625~-446.84375~0~#000080~Arial~~~~~comment~H2~1~start~gge12351~0~#@$P~show~0~1~400~-420~0~gge12353~0^^400~-420^^M 400 -420 h -20~#880000^^1~378~-417~0~1~end~~~#0000FF^^1~385~-421~0~1~start~~~#0000FF^^0~383~-420^^0~M 380 -423 L 377 -420 L 380 -417#@$P~show~0~2~400~-410~0~gge12360~0^^400~-410^^M 400 -410 h -20~#880000^^1~378~-407~0~2~end~~~#0000FF^^1~385~-411~0~2~start~~~#0000FF^^0~383~-410^^0~M 380 -413 L 377 -410 L 380 -407#@$P~show~0~3~400~-400~0~gge12367~0^^400~-400^^M 400 -400 h -20~#880000^^1~378~-397~0~3~end~~~#0000FF^^1~385~-401~0~3~start~~~#0000FF^^0~383~-400^^0~M 380 -403 L 377 -400 L 380 -397#@$P~show~0~4~400~-390~0~gge12374~0^^400~-390^^M 400 -390 h -20~#880000^^1~378~-387~0~4~end~~~#0000FF^^1~385~-391~0~4~start~~~#0000FF^^0~383~-390^^0~M 380 -393 L 377 -390 L 380 -387#@$P~show~0~5~400~-380~0~gge12381~0^^400~-380^^M 400 -380 h -20~#880000^^1~378~-377~0~5~end~~~#0000FF^^1~385~-381~0~5~start~~~#0000FF^^0~383~-380^^0~M 380 -383 L 377 -380 L 380 -377#@$P~show~0~6~400~-370~0~gge12388~0^^400~-370^^M 400 -370 h -20~#880000^^1~378~-367~0~6~end~~~#0000FF^^1~385~-371~0~6~start~~~#0000FF^^0~383~-370^^0~M 380 -373 L 377 -370 L 380 -367#@$P~show~0~7~400~-360~0~gge12395~0^^400~-360^^M 400 -360 h -20~#880000^^1~378~-357~0~7~end~~~#0000FF^^1~385~-361~0~7~start~~~#0000FF^^0~383~-360^^0~M 380 -363 L 377 -360 L 380 -357#@$P~show~0~8~400~-350~0~gge12402~0^^400~-350^^M 400 -350 h -20~#880000^^1~378~-347~0~8~end~~~#0000FF^^1~385~-351~0~8~start~~~#0000FF^^0~383~-350^^0~M 380 -353 L 377 -350 L 380 -347#@$P~show~0~9~400~-340~0~gge12409~0^^400~-340^^M 400 -340 h -20~#880000^^1~378~-337~0~9~end~~~#0000FF^^1~385~-341~0~9~start~~~#0000FF^^0~383~-340^^0~M 380 -343 L 377 -340 L 380 -337#@$P~show~0~10~400~-330~0~gge12416~0^^400~-330^^M 400 -330 h -20~#880000^^1~378~-327~0~10~end~~~#0000FF^^1~385~-331~0~10~start~~~#0000FF^^0~383~-330^^0~M 380 -333 L 377 -330 L 380 -327#@$P~show~0~11~400~-320~0~gge12423~0^^400~-320^^M 400 -320 h -20~#880000^^1~378~-317~0~11~end~~~#0000FF^^1~385~-321~0~11~start~~~#0000FF^^0~383~-320^^0~M 380 -323 L 377 -320 L 380 -317#@$P~show~0~12~400~-310~0~gge12430~0^^400~-310^^M 400 -310 h -20~#880000^^1~378~-307~0~12~end~~~#0000FF^^1~385~-311~0~12~start~~~#0000FF^^0~383~-310^^0~M 380 -313 L 377 -310 L 380 -307#@$P~show~0~13~400~-300~0~gge12437~0^^400~-300^^M 400 -300 h -20~#880000^^1~378~-297~0~13~end~~~#0000FF^^1~385~-301~0~13~start~~~#0000FF^^0~383~-300^^0~M 380 -303 L 377 -300 L 380 -297#@$P~show~0~14~400~-290~0~gge12444~0^^400~-290^^M 400 -290 h -20~#880000^^1~378~-287~0~14~end~~~#0000FF^^1~385~-291~0~14~start~~~#0000FF^^0~383~-290^^0~M 380 -293 L 377 -290 L 380 -287#@$P~show~0~15~400~-280~0~gge12451~0^^400~-280^^M 400 -280 h -20~#880000^^1~378~-277~0~15~end~~~#0000FF^^1~385~-281~0~15~start~~~#0000FF^^0~383~-280^^0~M 380 -283 L 377 -280 L 380 -277#@$P~show~0~16~400~-270~0~gge12458~0^^400~-270^^M 400 -270 h -20~#880000^^1~378~-267~0~16~end~~~#0000FF^^1~385~-271~0~16~start~~~#0000FF^^0~383~-270^^0~M 380 -273 L 377 -270 L 380 -267#@$P~show~0~17~400~-260~0~gge12465~0^^400~-260^^M 400 -260 h -20~#880000^^1~378~-257~0~17~end~~~#0000FF^^1~385~-261~0~17~start~~~#0000FF^^0~383~-260^^0~M 380 -263 L 377 -260 L 380 -257#@$P~show~0~18~400~-250~0~gge12472~0^^400~-250^^M 400 -250 h -20~#880000^^1~378~-247~0~18~end~~~#0000FF^^1~385~-251~0~18~start~~~#0000FF^^0~383~-250^^0~M 380 -253 L 377 -250 L 380 -247#@$R~360~-430~~~20~190~#000000~1~0~none~gge12479~0~","N~415~-420~0~#0000ff~GND2~gge12518~start~417~-422.5~Times New Roman~7pt~0","N~415~-410~0~#0000ff~3v3~gge12522~start~417~-412.5~Times New Roman~7pt~0","N~415~-400~0~#0000ff~3v3_2~gge12526~start~417~-402.5~Times New Roman~7pt~0","N~415~-390~0~#0000ff~36~gge12530~start~417~-392.5~Times New Roman~7pt~0","N~415~-380~0~#0000ff~37~gge12534~start~417~-382.5~Times New Roman~7pt~0","N~415~-370~0~#0000ff~38~gge12538~start~417~-372.5~Times New Roman~7pt~0","N~415~-360~0~#0000ff~39~gge12542~start~417~-362.5~Times New Roman~7pt~0","N~415~-350~0~#0000ff~34~gge12546~start~417~-352.5~Times New Roman~7pt~0","N~415~-340~0~#0000ff~35~gge12550~start~417~-342.5~Times New Roman~7pt~0","N~415~-310~0~#0000ff~25~gge12554~start~417~-312.5~Times New Roman~7pt~0","N~415~-300~0~#0000ff~26~gge12558~start~417~-302.5~Times New Roman~7pt~0","N~415~-290~0~#0000ff~27~gge12562~start~417~-292.5~Times New Roman~7pt~0","N~415~-280~0~#0000ff~14~gge12566~start~417~-282.5~Times New Roman~7pt~0","N~415~-270~0~#0000ff~12~gge12570~start~417~-272.5~Times New Roman~7pt~0","N~415~-260~0~#0000ff~13~gge12574~start~417~-262.5~Times New Roman~7pt~0","N~415~-250~0~#0000ff~21~gge12578~start~417~-252.5~Times New Roman~7pt~0","N~415~-320~0~#0000ff~33~gge12582~start~417~-322.5~Times New Roman~7pt~0","N~415~-330~0~#0000ff~32~gge12586~start~417~-332.5~Times New Roman~7pt~0","LIB~125~-515~package`BCE35`BOM_Manufacturer``BOM_Manufacturer Part``BOM_Supplier`Digi-Key`BOM_Supplier Part`BCE35`link``Contributor`wilouredo`spicePre`P`spiceSymbolName`BORNE KRE 2P`~~0~ggeb293b34011847a40~24e8c955f82d4b7b8388731d9c000b25~ed05ce659a1d4dac9bccc69c5674bdf2~0~~yes~yes~~~#@$T~N~112.78125~-538.125~0~#000080~Arial~~~~~comment~BORNE KRE 2P~0~start~gge13140~0~#@$T~P~84.21875~-526.671875~0~#000080~Arial~~~~~comment~P1~1~start~gge12836~0~#@$R~105~-535~~~20~35~#0000FF~1~0~none~gge12838~0~#@$P~show~0~1~135~-525~0~gge12839~0^^135~-525^^M 135 -525 h -20~#880000^^0~113~-522~0~1~end~~~#0000FF^^1~125~-526~0~1~start~~~#000000^^0~118~-525^^0~M 115 -528 L 112 -525 L 115 -522#@$P~show~0~2~135~-510~~gge12846~0^^135~-510^^M 135 -510 h -20~#880000^^0~113~-507~0~2~end~~~#0000FF^^1~125~-511~0~2~start~~~#000000^^0~118~-510^^0~M 115 -513 L 112 -510 L 115 -507#@$R~100~-535~~~5~35~#0000FF~1~0~none~gge12853~0~#@$E~115~-525~5~5~#000000~1~0~none~gge12854~0#@$E~115~-510~5~5~#000000~1~0~none~gge12855~0","LIB~125~-480~package`BCE35`BOM_Manufacturer``BOM_Manufacturer Part``BOM_Supplier`Digi-Key`BOM_Supplier Part`BCE35`link``Contributor`wilouredo`spicePre`P`spiceSymbolName`BORNE KRE 2P`~~0~gge5e5ca88562d88932~24e8c955f82d4b7b8388731d9c000b25~ed05ce659a1d4dac9bccc69c5674bdf2~0~~yes~yes~~~#@$T~N~112.78125~-503.125~0~#000080~Arial~~~~~comment~BORNE KRE 2P~0~start~gge13139~0~#@$T~P~84.21875~-491.671875~0~#000080~Arial~~~~~comment~P2~1~start~gge12890~0~#@$R~105~-500~~~20~35~#0000FF~1~0~none~gge12892~0~#@$P~show~0~1~135~-490~0~gge12893~0^^135~-490^^M 135 -490 h -20~#880000^^0~113~-487~0~1~end~~~#0000FF^^1~125~-491~0~1~start~~~#000000^^0~118~-490^^0~M 115 -493 L 112 -490 L 115 -487#@$P~show~0~2~135~-475~~gge12900~0^^135~-475^^M 135 -475 h -20~#880000^^0~113~-472~0~2~end~~~#0000FF^^1~125~-476~0~2~start~~~#000000^^0~118~-475^^0~M 115 -478 L 112 -475 L 115 -472#@$R~100~-500~~~5~35~#0000FF~1~0~none~gge12907~0~#@$E~115~-490~5~5~#000000~1~0~none~gge12908~0#@$E~115~-475~5~5~#000000~1~0~none~gge12909~0","LIB~125~-445~package`BCE35`BOM_Manufacturer``BOM_Manufacturer Part``BOM_Supplier`Digi-Key`BOM_Supplier Part`BCE35`link``Contributor`wilouredo`spicePre`P`spiceSymbolName`BORNE KRE 2P`~~0~gge0928dbbdbb82e71d~24e8c955f82d4b7b8388731d9c000b25~ed05ce659a1d4dac9bccc69c5674bdf2~0~~yes~yes~~~#@$T~N~112.78125~-468.125~0~#000080~Arial~~~~~comment~BORNE KRE 2P~0~start~gge13138~0~#@$T~P~84.21875~-456.671875~0~#000080~Arial~~~~~comment~P3~1~start~gge12918~0~#@$R~105~-465~~~20~35~#0000FF~1~0~none~gge12920~0~#@$P~show~0~1~135~-455~0~gge12921~0^^135~-455^^M 135 -455 h -20~#880000^^0~113~-452~0~1~end~~~#0000FF^^1~125~-456~0~1~start~~~#000000^^0~118~-455^^0~M 115 -458 L 112 -455 L 115 -452#@$P~show~0~2~135~-440~~gge12928~0^^135~-440^^M 135 -440 h -20~#880000^^0~113~-437~0~2~end~~~#0000FF^^1~125~-441~0~2~start~~~#000000^^0~118~-440^^0~M 115 -443 L 112 -440 L 115 -437#@$R~100~-465~~~5~35~#0000FF~1~0~none~gge12935~0~#@$E~115~-455~5~5~#000000~1~0~none~gge12936~0#@$E~115~-440~5~5~#000000~1~0~none~gge12937~0","LIB~125~-410~package`BCE35`BOM_Manufacturer``BOM_Manufacturer Part``BOM_Supplier`Digi-Key`BOM_Supplier Part`BCE35`link``Contributor`wilouredo`spicePre`P`spiceSymbolName`BORNE KRE 2P`~~0~gge28d178b89d0cddd9~24e8c955f82d4b7b8388731d9c000b25~ed05ce659a1d4dac9bccc69c5674bdf2~0~~yes~yes~~~#@$T~N~112.78125~-433.125~0~#000080~Arial~~~~~comment~BORNE KRE 2P~0~start~gge13137~0~#@$T~P~84.21875~-421.671875~0~#000080~Arial~~~~~comment~P4~1~start~gge12946~0~#@$R~105~-430~~~20~35~#0000FF~1~0~none~gge12948~0~#@$P~show~0~1~135~-420~0~gge12949~0^^135~-420^^M 135 -420 h -20~#880000^^0~113~-417~0~1~end~~~#0000FF^^1~125~-421~0~1~start~~~#000000^^0~118~-420^^0~M 115 -423 L 112 -420 L 115 -417#@$P~show~0~2~135~-405~~gge12956~0^^135~-405^^M 135 -405 h -20~#880000^^0~113~-402~0~2~end~~~#0000FF^^1~125~-406~0~2~start~~~#000000^^0~118~-405^^0~M 115 -408 L 112 -405 L 115 -402#@$R~100~-430~~~5~35~#0000FF~1~0~none~gge12963~0~#@$E~115~-420~5~5~#000000~1~0~none~gge12964~0#@$E~115~-405~5~5~#000000~1~0~none~gge12965~0","LIB~125~-375~package`BCE35`BOM_Manufacturer``BOM_Manufacturer Part``BOM_Supplier`Digi-Key`BOM_Supplier Part`BCE35`link``Contributor`wilouredo`spicePre`P`spiceSymbolName`BORNE KRE 2P`~~0~ggebe7e4126a5711dd2~24e8c955f82d4b7b8388731d9c000b25~ed05ce659a1d4dac9bccc69c5674bdf2~0~~yes~yes~~~#@$T~N~112.78125~-398.125~0~#000080~Arial~~~~~comment~BORNE KRE 2P~0~start~gge13142~0~#@$T~P~84.21875~-386.671875~0~#000080~Arial~~~~~comment~P5~1~start~gge12974~0~#@$R~105~-395~~~20~35~#0000FF~1~0~none~gge12976~0~#@$P~show~0~1~135~-385~0~gge12977~0^^135~-385^^M 135 -385 h -20~#880000^^0~113~-382~0~1~end~~~#0000FF^^1~125~-386~0~1~start~~~#000000^^0~118~-385^^0~M 115 -388 L 112 -385 L 115 -382#@$P~show~0~2~135~-370~~gge12984~0^^135~-370^^M 135 -370 h -20~#880000^^0~113~-367~0~2~end~~~#0000FF^^1~125~-371~0~2~start~~~#000000^^0~118~-370^^0~M 115 -373 L 112 -370 L 115 -367#@$R~100~-395~~~5~35~#0000FF~1~0~none~gge12991~0~#@$E~115~-385~5~5~#000000~1~0~none~gge12992~0#@$E~115~-370~5~5~#000000~1~0~none~gge12993~0","LIB~125~-340~package`BCE35`BOM_Manufacturer``BOM_Manufacturer Part``BOM_Supplier`Digi-Key`BOM_Supplier Part`BCE35`link``Contributor`wilouredo`spicePre`P`spiceSymbolName`BORNE KRE 2P`~~0~ggefbc1eae1889e6762~24e8c955f82d4b7b8388731d9c000b25~ed05ce659a1d4dac9bccc69c5674bdf2~0~~yes~yes~~~#@$T~N~112.78125~-363.125~0~#000080~Arial~~~~~comment~BORNE KRE 2P~0~start~gge13143~0~#@$T~P~84.21875~-351.671875~0~#000080~Arial~~~~~comment~P6~1~start~gge13002~0~#@$R~105~-360~~~20~35~#0000FF~1~0~none~gge13004~0~#@$P~show~0~1~135~-350~0~gge13005~0^^135~-350^^M 135 -350 h -20~#880000^^0~113~-347~0~1~end~~~#0000FF^^1~125~-351~0~1~start~~~#000000^^0~118~-350^^0~M 115 -353 L 112 -350 L 115 -347#@$P~show~0~2~135~-335~~gge13012~0^^135~-335^^M 135 -335 h -20~#880000^^0~113~-332~0~2~end~~~#0000FF^^1~125~-336~0~2~start~~~#000000^^0~118~-335^^0~M 115 -338 L 112 -335 L 115 -332#@$R~100~-360~~~5~35~#0000FF~1~0~none~gge13019~0~#@$E~115~-350~5~5~#000000~1~0~none~gge13020~0#@$E~115~-335~5~5~#000000~1~0~none~gge13021~0","LIB~125~-305~package`BCE35`BOM_Manufacturer``BOM_Manufacturer Part``BOM_Supplier`Digi-Key`BOM_Supplier Part`BCE35`link``Contributor`wilouredo`spicePre`P`spiceSymbolName`BORNE KRE 2P`~~0~ggecbcd223491426427~24e8c955f82d4b7b8388731d9c000b25~ed05ce659a1d4dac9bccc69c5674bdf2~0~~yes~yes~~~#@$T~N~112.78125~-328.125~0~#000080~Arial~~~~~comment~BORNE KRE 2P~0~start~gge13146~0~#@$T~P~84.21875~-316.671875~0~#000080~Arial~~~~~comment~P7~1~start~gge13030~0~#@$R~105~-325~~~20~35~#0000FF~1~0~none~gge13032~0~#@$P~show~0~1~135~-315~0~gge13033~0^^135~-315^^M 135 -315 h -20~#880000^^0~113~-312~0~1~end~~~#0000FF^^1~125~-316~0~1~start~~~#000000^^0~118~-315^^0~M 115 -318 L 112 -315 L 115 -312#@$P~show~0~2~135~-300~~gge13040~0^^135~-300^^M 135 -300 h -20~#880000^^0~113~-297~0~2~end~~~#0000FF^^1~125~-301~0~2~start~~~#000000^^0~118~-300^^0~M 115 -303 L 112 -300 L 115 -297#@$R~100~-325~~~5~35~#0000FF~1~0~none~gge13047~0~#@$E~115~-315~5~5~#000000~1~0~none~gge13048~0#@$E~115~-300~5~5~#000000~1~0~none~gge13049~0","LIB~125~-270~package`BCE35`BOM_Manufacturer``BOM_Manufacturer Part``BOM_Supplier`Digi-Key`BOM_Supplier Part`BCE35`link``Contributor`wilouredo`spicePre`P`spiceSymbolName`BORNE KRE 2P`~~0~gge3e147234af0c69d1~24e8c955f82d4b7b8388731d9c000b25~ed05ce659a1d4dac9bccc69c5674bdf2~0~~yes~yes~~~#@$T~N~112.78125~-293.125~0~#000080~Arial~~~~~comment~BORNE KRE 2P~0~start~gge13144~0~#@$T~P~84.21875~-281.671875~0~#000080~Arial~~~~~comment~P8~1~start~gge13058~0~#@$R~105~-290~~~20~35~#0000FF~1~0~none~gge13060~0~#@$P~show~0~1~135~-280~0~gge13061~0^^135~-280^^M 135 -280 h -20~#880000^^0~113~-277~0~1~end~~~#0000FF^^1~125~-281~0~1~start~~~#000000^^0~118~-280^^0~M 115 -283 L 112 -280 L 115 -277#@$P~show~0~2~135~-265~~gge13068~0^^135~-265^^M 135 -265 h -20~#880000^^0~113~-262~0~2~end~~~#0000FF^^1~125~-266~0~2~start~~~#000000^^0~118~-265^^0~M 115 -268 L 112 -265 L 115 -262#@$R~100~-290~~~5~35~#0000FF~1~0~none~gge13075~0~#@$E~115~-280~5~5~#000000~1~0~none~gge13076~0#@$E~115~-265~5~5~#000000~1~0~none~gge13077~0","LIB~125~-235~package`BCE35`BOM_Manufacturer``BOM_Manufacturer Part``BOM_Supplier`Digi-Key`BOM_Supplier Part`BCE35`link``Contributor`wilouredo`spicePre`P`spiceSymbolName`BORNE KRE 2P`~~0~gge33023de818701c5b~24e8c955f82d4b7b8388731d9c000b25~ed05ce659a1d4dac9bccc69c5674bdf2~0~~yes~yes~~~#@$T~N~112.78125~-258.125~0~#000080~Arial~~~~~comment~BORNE KRE 2P~0~start~gge13145~0~#@$T~P~84.21875~-246.671875~0~#000080~Arial~~~~~comment~P9~1~start~gge13086~0~#@$R~105~-255~~~20~35~#0000FF~1~0~none~gge13088~0~#@$P~show~0~1~135~-245~0~gge13089~0^^135~-245^^M 135 -245 h -20~#880000^^0~113~-242~0~1~end~~~#0000FF^^1~125~-246~0~1~start~~~#000000^^0~118~-245^^0~M 115 -248 L 112 -245 L 115 -242#@$P~show~0~2~135~-230~~gge13096~0^^135~-230^^M 135 -230 h -20~#880000^^0~113~-227~0~2~end~~~#0000FF^^1~125~-231~0~2~start~~~#000000^^0~118~-230^^0~M 115 -233 L 112 -230 L 115 -227#@$R~100~-255~~~5~35~#0000FF~1~0~none~gge13103~0~#@$E~115~-245~5~5~#000000~1~0~none~gge13104~0#@$E~115~-230~5~5~#000000~1~0~none~gge13105~0","LIB~125~-200~package`BCE35`BOM_Manufacturer``BOM_Manufacturer Part``BOM_Supplier`Digi-Key`BOM_Supplier Part`BCE35`link``Contributor`wilouredo`spicePre`P`spiceSymbolName`BORNE KRE 2P`~~0~ggeef6d83b66e747c4a~24e8c955f82d4b7b8388731d9c000b25~ed05ce659a1d4dac9bccc69c5674bdf2~0~~yes~yes~~~#@$T~N~112.78125~-223.125~0~#000080~Arial~~~~~comment~BORNE KRE 2P~0~start~gge13141~0~#@$T~P~81.6953125~-211.6640625~0~#000080~Arial~~~~~comment~P10~1~start~gge13114~0~#@$R~105~-220~~~20~35~#0000FF~1~0~none~gge13116~0~#@$P~show~0~1~135~-210~0~gge13117~0^^135~-210^^M 135 -210 h -20~#880000^^0~113~-207~0~1~end~~~#0000FF^^1~125~-211~0~1~start~~~#000000^^0~118~-210^^0~M 115 -213 L 112 -210 L 115 -207#@$P~show~0~2~135~-195~~gge13124~0^^135~-195^^M 135 -195 h -20~#880000^^0~113~-192~0~2~end~~~#0000FF^^1~125~-196~0~2~start~~~#000000^^0~118~-195^^0~M 115 -198 L 112 -195 L 115 -192#@$R~100~-220~~~5~35~#0000FF~1~0~none~gge13131~0~#@$E~115~-210~5~5~#000000~1~0~none~gge13132~0#@$E~115~-195~5~5~#000000~1~0~none~gge13133~0","W~135 -385 210 -385~#008800~1~0~none~gge13150~0","W~135 -370 210 -370 210 -375~#008800~1~0~none~gge13151~0","W~135 -350 210 -350~#008800~1~0~none~gge13152~0","W~135 -335 210 -335 210 -340~#008800~1~0~none~gge13153~0","W~135 -315 210 -315~#008800~1~0~none~gge13155~0","W~135 -300 210 -300 210 -305~#008800~1~0~none~gge13156~0","W~135 -280 210 -280~#008800~1~0~none~gge13157~0","W~135 -265 210 -265 210 -270~#008800~1~0~none~gge13158~0","W~135 -245 210 -245~#008800~1~0~none~gge13160~0","W~135 -230 210 -230 210 -235~#008800~1~0~none~gge13161~0","W~135 -210 210 -210~#008800~1~0~none~gge13162~0","W~135 -195 210 -195 210 -200~#008800~1~0~none~gge13163~0","LIB~230~-505~package`1X2`BOM_Manufacturer``BOM_Manufacturer Part``BOM_Supplier Part``BOM_Supplier``link``Contributor`Allen Rogers`spicePre`P`spiceSymbolName`Pin Header`Package Display`No`~~0~ggee9520ccf80300650~42731c2eaa8e46e8a6949fc4dbae3eae~23e7b78616524e919eb16cce550b43e4~0~~yes~yes~~~#@$T~N~267.015625~-537.578125~0~#000080~Arial~~~~~comment~Pin Header~0~end~gge13340~0~#@$T~P~269.078125~-526.84375~0~#000080~Arial~~~~~comment~PH3~1~end~gge13169~0~#@$P~show~0~1~210~-515~180~gge13171~0^^210~-515^^M 210 -515 h 20~#880000^^1~232~-512~0~1~start~~~#0000FF^^1~225~-516~0~1~end~~~#0000FF^^0~227~-515^^0~M 230 -512 L 233 -515 L 230 -518#@$P~show~0~2~210~-525~180~gge13178~0^^210~-525^^M 210 -525 h 20~#880000^^1~232~-522~0~2~start~~~#0000FF^^1~225~-526~0~2~end~~~#0000FF^^0~227~-525^^0~M 230 -522 L 233 -525 L 230 -528#@$R~230~-535~~~20~30~#000000~1~0~none~gge13185~0~","LIB~230~-470~package`1X2`BOM_Manufacturer``BOM_Manufacturer Part``BOM_Supplier Part``BOM_Supplier``link``Contributor`Allen Rogers`spicePre`P`spiceSymbolName`Pin Header`Package Display`No`~~0~gge7d72acdf098d5d5c~42731c2eaa8e46e8a6949fc4dbae3eae~23e7b78616524e919eb16cce550b43e4~0~~yes~yes~~~#@$T~N~267.015625~-502.578125~0~#000080~Arial~~~~~comment~Pin Header~0~end~gge13341~0~#@$T~P~269.078125~-491.84375~0~#000080~Arial~~~~~comment~PH4~1~end~gge13191~0~#@$P~show~0~1~210~-480~180~gge13193~0^^210~-480^^M 210 -480 h 20~#880000^^1~232~-477~0~1~start~~~#0000FF^^1~225~-481~0~1~end~~~#0000FF^^0~227~-480^^0~M 230 -477 L 233 -480 L 230 -483#@$P~show~0~2~210~-490~180~gge13200~0^^210~-490^^M 210 -490 h 20~#880000^^1~232~-487~0~2~start~~~#0000FF^^1~225~-491~0~2~end~~~#0000FF^^0~227~-490^^0~M 230 -487 L 233 -490 L 230 -493#@$R~230~-500~~~20~30~#000000~1~0~none~gge13207~0~","LIB~230~-435~package`1X2`BOM_Manufacturer``BOM_Manufacturer Part``BOM_Supplier Part``BOM_Supplier``link``Contributor`Allen Rogers`spicePre`P`spiceSymbolName`Pin Header`Package Display`No`~~0~gge67db211279574207~42731c2eaa8e46e8a6949fc4dbae3eae~23e7b78616524e919eb16cce550b43e4~0~~yes~yes~~~#@$T~N~267.015625~-467.578125~0~#000080~Arial~~~~~comment~Pin Header~0~end~gge13342~0~#@$T~P~269.078125~-456.84375~0~#000080~Arial~~~~~comment~PH5~1~end~gge13213~0~#@$P~show~0~1~210~-445~180~gge13215~0^^210~-445^^M 210 -445 h 20~#880000^^1~232~-442~0~1~start~~~#0000FF^^1~225~-446~0~1~end~~~#0000FF^^0~227~-445^^0~M 230 -442 L 233 -445 L 230 -448#@$P~show~0~2~210~-455~180~gge13222~0^^210~-455^^M 210 -455 h 20~#880000^^1~232~-452~0~2~start~~~#0000FF^^1~225~-456~0~2~end~~~#0000FF^^0~227~-455^^0~M 230 -452 L 233 -455 L 230 -458#@$R~230~-465~~~20~30~#000000~1~0~none~gge13229~0~","LIB~230~-400~package`1X2`BOM_Manufacturer``BOM_Manufacturer Part``BOM_Supplier Part``BOM_Supplier``link``Contributor`Allen Rogers`spicePre`P`spiceSymbolName`Pin Header`Package Display`No`~~0~gge93a9af91f9700513~42731c2eaa8e46e8a6949fc4dbae3eae~23e7b78616524e919eb16cce550b43e4~0~~yes~yes~~~#@$T~N~266.921875~-432.828125~0~#000080~Arial~~~~~comment~Pin Header~0~end~gge13343~0~#@$T~P~269.078125~-421.84375~0~#000080~Arial~~~~~comment~PH6~1~end~gge13235~0~#@$P~show~0~1~210~-410~180~gge13237~0^^210~-410^^M 210 -410 h 20~#880000^^1~232~-407~0~1~start~~~#0000FF^^1~225~-411~0~1~end~~~#0000FF^^0~227~-410^^0~M 230 -407 L 233 -410 L 230 -413#@$P~show~0~2~210~-420~180~gge13244~0^^210~-420^^M 210 -420 h 20~#880000^^1~232~-417~0~2~start~~~#0000FF^^1~225~-421~0~2~end~~~#0000FF^^0~227~-420^^0~M 230 -417 L 233 -420 L 230 -423#@$R~230~-430~~~20~30~#000000~1~0~none~gge13251~0~","LIB~230~-365~package`1X2`BOM_Manufacturer``BOM_Manufacturer Part``BOM_Supplier Part``BOM_Supplier``link``Contributor`Allen Rogers`spicePre`P`spiceSymbolName`Pin Header`Package Display`No`~~0~gge9e63e64c24170c56~42731c2eaa8e46e8a6949fc4dbae3eae~23e7b78616524e919eb16cce550b43e4~0~~yes~yes~~~#@$T~N~267.078125~-397.6875~0~#000080~Arial~~~~~comment~Pin Header~0~end~gge13344~0~#@$T~P~269.078125~-386.84375~0~#000080~Arial~~~~~comment~PH7~1~end~gge13257~0~#@$P~show~0~1~210~-375~180~gge13259~0^^210~-375^^M 210 -375 h 20~#880000^^1~232~-372~0~1~start~~~#0000FF^^1~225~-376~0~1~end~~~#0000FF^^0~227~-375^^0~M 230 -372 L 233 -375 L 230 -378#@$P~show~0~2~210~-385~180~gge13266~0^^210~-385^^M 210 -385 h 20~#880000^^1~232~-382~0~2~start~~~#0000FF^^1~225~-386~0~2~end~~~#0000FF^^0~227~-385^^0~M 230 -382 L 233 -385 L 230 -388#@$R~230~-395~~~20~30~#000000~1~0~none~gge13273~0~","LIB~230~-330~package`1X2`BOM_Manufacturer``BOM_Manufacturer Part``BOM_Supplier Part``BOM_Supplier``link``Contributor`Allen Rogers`spicePre`P`spiceSymbolName`Pin Header`Package Display`No`~~0~gge01e8e720dd6cf8a1~42731c2eaa8e46e8a6949fc4dbae3eae~23e7b78616524e919eb16cce550b43e4~0~~yes~yes~~~#@$T~N~267.078125~-362.6875~0~#000080~Arial~~~~~comment~Pin Header~0~end~gge13345~0~#@$T~P~269.078125~-351.84375~0~#000080~Arial~~~~~comment~PH8~1~end~gge13279~0~#@$P~show~0~1~210~-340~180~gge13281~0^^210~-340^^M 210 -340 h 20~#880000^^1~232~-337~0~1~start~~~#0000FF^^1~225~-341~0~1~end~~~#0000FF^^0~227~-340^^0~M 230 -337 L 233 -340 L 230 -343#@$P~show~0~2~210~-350~180~gge13288~0^^210~-350^^M 210 -350 h 20~#880000^^1~232~-347~0~2~start~~~#0000FF^^1~225~-351~0~2~end~~~#0000FF^^0~227~-350^^0~M 230 -347 L 233 -350 L 230 -353#@$R~230~-360~~~20~30~#000000~1~0~none~gge13295~0~","LIB~230~-295~package`1X2`BOM_Manufacturer``BOM_Manufacturer Part``BOM_Supplier Part``BOM_Supplier``link``Contributor`Allen Rogers`spicePre`P`spiceSymbolName`Pin Header`Package Display`No`~~0~gge3af7f5ee47710df5~42731c2eaa8e46e8a6949fc4dbae3eae~23e7b78616524e919eb16cce550b43e4~0~~yes~yes~~~#@$T~N~267.078125~-327.6875~0~#000080~Arial~~~~~comment~Pin Header~0~end~gge13346~0~#@$T~P~269.078125~-316.75~0~#000080~Arial~~~~~comment~PH9~1~end~gge13301~0~#@$P~show~0~1~210~-305~180~gge13303~0^^210~-305^^M 210 -305 h 20~#880000^^1~232~-302~0~1~start~~~#0000FF^^1~225~-306~0~1~end~~~#0000FF^^0~227~-305^^0~M 230 -302 L 233 -305 L 230 -308#@$P~show~0~2~210~-315~180~gge13310~0^^210~-315^^M 210 -315 h 20~#880000^^1~232~-312~0~2~start~~~#0000FF^^1~225~-316~0~2~end~~~#0000FF^^0~227~-315^^0~M 230 -312 L 233 -315 L 230 -318#@$R~230~-325~~~20~30~#000000~1~0~none~gge13317~0~","LIB~230~-260~package`1X2`BOM_Manufacturer``BOM_Manufacturer Part``BOM_Supplier Part``BOM_Supplier``link``Contributor`Allen Rogers`spicePre`P`spiceSymbolName`Pin Header`Package Display`No`~~0~ggec1612a8134a6efd3~42731c2eaa8e46e8a6949fc4dbae3eae~23e7b78616524e919eb16cce550b43e4~0~~yes~yes~~~#@$T~N~261.890625~-292.6875~0~#000080~Arial~~~~~comment~Pin Header~0~end~gge13347~0~#@$T~P~276.671875~-281.75~0~#000080~Arial~~~~~comment~PH10~1~end~gge13323~0~#@$P~show~0~1~210~-270~180~gge13325~0^^210~-270^^M 210 -270 h 20~#880000^^1~232~-267~0~1~start~~~#0000FF^^1~225~-271~0~1~end~~~#0000FF^^0~227~-270^^0~M 230 -267 L 233 -270 L 230 -273#@$P~show~0~2~210~-280~180~gge13332~0^^210~-280^^M 210 -280 h 20~#880000^^1~232~-277~0~2~start~~~#0000FF^^1~225~-281~0~2~end~~~#0000FF^^0~227~-280^^0~M 230 -277 L 233 -280 L 230 -283#@$R~230~-290~~~20~30~#000000~1~0~none~gge13339~0~","LIB~230~-225~package`1X2`BOM_Manufacturer``BOM_Manufacturer Part``BOM_Supplier Part``BOM_Supplier``link``Contributor`Allen Rogers`spicePre`P`spiceSymbolName`Pin Header`Package Display`No`~~0~gge7df91deb5c886eaa~42731c2eaa8e46e8a6949fc4dbae3eae~23e7b78616524e919eb16cce550b43e4~0~~yes~yes~~~#@$T~N~261.890625~-257.6875~0~#000080~Arial~~~~~comment~Pin Header~0~end~gge13351~0~#@$T~P~276.671875~-246.75~0~#000080~Arial~~~~~comment~PH11~1~end~gge13353~0~#@$P~show~0~1~210~-235~180~gge13355~0^^210~-235^^M 210 -235 h 20~#880000^^1~232~-232~0~1~start~~~#0000FF^^1~225~-236~0~1~end~~~#0000FF^^0~227~-235^^0~M 230 -232 L 233 -235 L 230 -238#@$P~show~0~2~210~-245~180~gge13362~0^^210~-245^^M 210 -245 h 20~#880000^^1~232~-242~0~2~start~~~#0000FF^^1~225~-246~0~2~end~~~#0000FF^^0~227~-245^^0~M 230 -242 L 233 -245 L 230 -248#@$R~230~-255~~~20~30~#000000~1~0~none~gge13369~0~","LIB~230~-190~package`1X2`BOM_Manufacturer``BOM_Manufacturer Part``BOM_Supplier Part``BOM_Supplier``link``Contributor`Allen Rogers`spicePre`P`spiceSymbolName`Pin Header`Package Display`No`~~0~ggedc6e5de3919d98e3~42731c2eaa8e46e8a6949fc4dbae3eae~23e7b78616524e919eb16cce550b43e4~0~~yes~yes~~~#@$T~N~261.890625~-222.6875~0~#000080~Arial~~~~~comment~Pin Header~0~end~gge13373~0~#@$T~P~276.671875~-211.75~0~#000080~Arial~~~~~comment~PH12~1~end~gge13375~0~#@$P~show~0~1~210~-200~180~gge13377~0^^210~-200^^M 210 -200 h 20~#880000^^1~232~-197~0~1~start~~~#0000FF^^1~225~-201~0~1~end~~~#0000FF^^0~227~-200^^0~M 230 -197 L 233 -200 L 230 -203#@$P~show~0~2~210~-210~180~gge13384~0^^210~-210^^M 210 -210 h 20~#880000^^1~232~-207~0~2~start~~~#0000FF^^1~225~-211~0~2~end~~~#0000FF^^0~227~-210^^0~M 230 -207 L 233 -210 L 230 -213#@$R~230~-220~~~20~30~#000000~1~0~none~gge13391~0~","W~975 -260 975 -210~#008800~1~0~none~gge13544~0","W~1015 -260 1015 -210~#008800~1~0~none~gge13545~0","W~935 -210 875 -210~#008800~1~0~none~gge13548~0","N~875~-210~0~#0000ff~SensorPorta~gge13549~start~877~-212.5~Times New Roman~7pt~0","W~1040 -135 975 -135 975 -210~#008800~1~0~none~gge13561~0","W~1075 -215 1075 -210 1015 -210~#008800~1~0~none~gge13562~0","N~1045~-210~0~#0000ff~GND~gge13564~start~1047~-212.5~Times New Roman~7pt~0","N~1030~-135~0~#0000ff~0~gge13573~start~1032~-137.5~Times New Roman~7pt~0","R~870~-300~~~235~195~#000000~1~0~none~gge13581~0~","LIB~955~-210~package`R_AXIAL-0.3`nameAlias`Value(\u03a9)`BOM_Supplier Part``BOM_Supplier``Contributor`LCEDA_Lib`spicePre`R`spiceSymbolName`R_AXIAL-0.3_US`BOM_Manufacturer Part``~~0~ggeb131abb3a05ccc5c~3eb1249f3ebb4284ae221b0379016582~a1a68e8402b9461199345d2cae776c3f~0~~yes~yes~~~#@$T~N~949.03125~-218~0~#000080~Arial~~~~~comment~10k~1~start~gge13720~0~#@$T~P~949.03125~-227~0~#000080~Arial~~~~~comment~R1~1~start~gge13722~0~#@$PL~970 -210 967 -205~#A00000~1~0~none~gge13724~0#@$PL~962 -215 957 -205~#A00000~1~0~none~gge13725~0#@$PL~967 -205 962 -215~#A00000~1~0~none~gge13726~0#@$P~show~0~2~975~-210~0~gge13727~0^^975~-210^^M 975 -210 h -5~#800^^0~966~-210~0~2~end~~~#800^^0~974~-214~0~2~start~~~#800^^0~973~-210^^0~M 970 -213 L 967 -210 L 970 -207#@$PL~948 -205 943 -215~#A00000~1~0~none~gge13734~0#@$PL~957 -205 953 -215~#A00000~1~0~none~gge13735~0#@$PL~953 -215 948 -205~#A00000~1~0~none~gge13736~0#@$PL~943 -215 940 -210~#A00000~1~0~none~gge13737~0#@$P~show~0~1~935~-210~180~gge13738~0^^935~-210^^M 935 -210 h 5~#800^^0~944~-210~0~1~start~~~#800^^0~936~-214~0~1~end~~~#800^^0~937~-210^^0~M 940 -207 L 943 -210 L 940 -213","LIB~995~-210~package`R_AXIAL-0.3`nameAlias`Value(\u03a9)`BOM_Supplier Part``BOM_Supplier``Contributor`LCEDA_Lib`spicePre`R`spiceSymbolName`R_AXIAL-0.3_US`BOM_Manufacturer Part``~~0~gge13b3315a1ce16579~3eb1249f3ebb4284ae221b0379016582~a1a68e8402b9461199345d2cae776c3f~0~~yes~yes~~~#@$T~N~989.03125~-218~0~#000080~Arial~~~~~comment~1k5~1~start~gge13747~0~#@$T~P~989.03125~-227~0~#000080~Arial~~~~~comment~R2~1~start~gge13749~0~#@$PL~1010 -210 1007 -205~#A00000~1~0~none~gge13751~0#@$PL~1002 -215 997 -205~#A00000~1~0~none~gge13752~0#@$PL~1007 -205 1002 -215~#A00000~1~0~none~gge13753~0#@$P~show~0~2~1015~-210~0~gge13754~0^^1015~-210^^M 1015 -210 h -5~#800^^0~1006~-210~0~2~end~~~#800^^0~1014~-214~0~2~start~~~#800^^0~1013~-210^^0~M 1010 -213 L 1007 -210 L 1010 -207#@$PL~988 -205 983 -215~#A00000~1~0~none~gge13761~0#@$PL~997 -205 993 -215~#A00000~1~0~none~gge13762~0#@$PL~993 -215 988 -205~#A00000~1~0~none~gge13763~0#@$PL~983 -215 980 -210~#A00000~1~0~none~gge13764~0#@$P~show~0~1~975~-210~180~gge13765~0^^975~-210^^M 975 -210 h 5~#800^^0~984~-210~0~1~start~~~#800^^0~976~-214~0~1~end~~~#800^^0~977~-210^^0~M 980 -207 L 983 -210 L 980 -213","LIB~995~-260~package`RAD-0.1`nameAlias`Value(F)`BOM_Supplier Part``BOM_Supplier``Contributor`LCEDA_Lib`spicePre`C`spiceSymbolName`C_RAD-0.1_EU`BOM_Manufacturer Part``~~0~ggeb1f1c0d31416632f~ea82fbe34d7840de9fdcf3145ab199ef~59d6d42fb478482e83852243fcdc6db6~0~~yes~yes~~~#@$T~N~989.03125~-270.5~0~#000080~Arial~~~~~comment~0.1u~1~start~gge13895~0~#@$T~P~989.03125~-279.5~0~#000080~Arial~~~~~comment~C1~1~start~gge13897~0~#@$PL~985 -260 991 -260~#8D2323~1~0~none~gge13899~0#@$PL~1005 -260 998 -260~#8D2323~1~0~none~gge13900~0#@$R~996~-267.5~~~1.8~14.7~#8D2323~1~0~none~gge13901~0~#@$R~991~-267.5~~~1.8~14.7~#8D2323~1~0~none~gge13902~0~#@$P~show~0~1~975~-260~0~gge13903~0^^975~-260^^M 975 -260 h 10~#8D2323^^0~988~-257~0~1~start~~~#8D2323^^0~979~-261~0~1~end~~~#8D2323^^0~988~-260^^0~M 985 -263 L 982 -260 L 985 -257#@$P~show~0~2~1015~-260~180~gge13910~0^^1015~-260^^M 1015 -260 h -10~#8D2323^^0~1002~-257~0~2~end~~~#8D2323^^0~1011~-261~0~2~start~~~#8D2323^^0~1002~-260^^0~M 1005 -257 L 1008 -260 L 1005 -263","LIB~745~-205~package`TO-220AB-3_L10.4-W4.6-P2.54-L`BOM_Supplier`LCSC`BOM_Supplier Part`C878808`BOM_Manufacturer`VBsemi Elec`BOM_Manufacturer Part`IRFZ48NP`Contributor`LCSC`BOM_JLCPCB Part Class`Extended Part`spicePre`Q`spiceSymbolName`IRFZ48NP`~~0~ggeb00d1a60100350ff~71aebd58c7824830842a92f8ee64b06a~c2325b34278046bdac5fe4d8700085c3~0~~yes~yes~~~#@$T~N~762.859375~-192.296875~0~#000080~Arial~~~~~comment~IRFZ48NP~0~start~gge14288~0~#@$T~P~762.859375~-201.296875~0~#000080~Arial~~~~~comment~Q1~1~start~gge14088~0~#@$PG~735 -205 741 -203 741 -207~#880000~1~0~#FEFEFE~gge14090~0#@$PG~755 -207 752 -202 758 -202~#880000~1~0~#FEFEFE~gge14091~0#@$PL~735 -212 745 -212 745 -215 755 -215 755 -207~#880000~1~0~none~gge14092~0#@$PL~735 -205 745 -205 745 -195 755 -195 755 -202~#880000~1~0~none~gge14093~0#@$PL~745 -198 735 -198~#880000~1~0~none~gge14094~0#@$PL~733 -214 733 -196~#880000~1~0~none~gge14095~0#@$PL~735 -214 735 -210~#880000~1~0~none~gge14096~0#@$PL~735 -203 735 -207~#880000~1~0~none~gge14097~0#@$PL~735 -196 735 -200~#880000~1~0~none~gge14098~0#@$PL~759 -207 757 -207 753 -207 751 -207~#880000~1~0~none~gge14099~0#@$P~show~0~2~745~-225~90~gge14100~0^^745~-225^^M 745 -225 v 10~#880000^^0~748~-212~270~D~end~~~#000000^^0~744~-216~270~2~start~~~#000000^^0~745~-218^^0~M 742 -215 L 745 -212 L 748 -215#@$P~show~0~1~725~-205~180~gge14107~0^^725~-205^^M 725 -205 h 10~#880000^^0~738~-202~0~G~start~~~#000000^^0~734~-206~0~1~end~~~#000000^^0~732~-205^^0~M 735 -202 L 738 -205 L 735 -208#@$P~show~0~3~745~-185~270~gge14114~0^^745~-185^^M 745 -185 v -10~#880000^^0~748~-198~270~S~start~~~#000000^^0~744~-194~270~3~end~~~#000000^^0~745~-192^^0~M 748 -195 L 745 -198 L 742 -195","LIB~645~-205~package`R_AXIAL-0.3`nameAlias`Value(\u03a9)`BOM_Supplier Part``BOM_Supplier``Contributor`LCEDA_Lib`spicePre`R`spiceSymbolName`R_AXIAL-0.3_US`BOM_Manufacturer Part``~~0~gge518d59990abf41af~3eb1249f3ebb4284ae221b0379016582~a1a68e8402b9461199345d2cae776c3f~0~~yes~yes~~~#@$T~N~639.03125~-213~0~#000080~Arial~~~~~comment~1k~1~start~gge14158~0~#@$T~P~639.03125~-221.859375~0~#000080~Arial~~~~~comment~RIN~1~start~gge14160~0~#@$PL~660 -205 657 -200~#A00000~1~0~none~gge14162~0#@$PL~652 -210 647 -200~#A00000~1~0~none~gge14163~0#@$PL~657 -200 652 -210~#A00000~1~0~none~gge14164~0#@$P~show~0~2~665~-205~0~gge14165~0^^665~-205^^M 665 -205 h -5~#800^^0~656~-205~0~2~end~~~#800^^0~664~-209~0~2~start~~~#800^^0~663~-205^^0~M 660 -208 L 657 -205 L 660 -202#@$PL~638 -200 633 -210~#A00000~1~0~none~gge14172~0#@$PL~647 -200 643 -210~#A00000~1~0~none~gge14173~0#@$PL~643 -210 638 -200~#A00000~1~0~none~gge14174~0#@$PL~633 -210 630 -205~#A00000~1~0~none~gge14175~0#@$P~show~0~1~625~-205~180~gge14176~0^^625~-205^^M 625 -205 h 5~#800^^0~634~-205~0~1~start~~~#800^^0~626~-209~0~1~end~~~#800^^0~627~-205^^0~M 630 -202 L 633 -205 L 630 -208","LIB~700~-185~package`R_AXIAL-0.3`nameAlias`Value(\u03a9)`BOM_Supplier Part``BOM_Supplier``Contributor`LCEDA_Lib`spicePre`R`spiceSymbolName`R_AXIAL-0.3_US`BOM_Manufacturer Part``~270~0~ggedc65585d745e1083~3eb1249f3ebb4284ae221b0379016582~a1a68e8402b9461199345d2cae776c3f~0~~yes~yes~~~#@$T~N~707~-172.796875~0~#000080~Arial~~~~~comment~1k~1~start~gge14185~0~#@$T~P~707~-181.6640625~0~#000080~Arial~~~~~comment~RGS~1~start~gge14187~0~#@$PL~700 -170 695 -173~#A00000~1~0~none~gge14189~0#@$PL~705 -178 695 -183~#A00000~1~0~none~gge14190~0#@$PL~695 -173 705 -178~#A00000~1~0~none~gge14191~0#@$P~show~0~2~700~-165~270~gge14192~0^^700~-165^^M 700 -165 v -5~#800^^0~700~-174~270~2~start~~~#800^^0~696~-166~270~2~end~~~#800^^0~700~-167^^0~M 703 -170 L 700 -173 L 697 -170#@$PL~695 -192 705 -197~#A00000~1~0~none~gge14199~0#@$PL~695 -183 705 -187~#A00000~1~0~none~gge14200~0#@$PL~705 -187 695 -192~#A00000~1~0~none~gge14201~0#@$PL~705 -197 700 -200~#A00000~1~0~none~gge14202~0#@$P~show~0~1~700~-205~90~gge14203~0^^700~-205^^M 700 -205 v 5~#800^^0~700~-196~270~1~end~~~#800^^0~696~-204~270~1~start~~~#800^^0~700~-203^^0~M 697 -200 L 700 -197 L 703 -200","W~665 -205 725 -205~#008800~1~0~none~gge14237~0","W~745 -185 745 -165 700 -165~#008800~1~0~none~gge14247~0","W~775 -135 745 -135 745 -165~#008800~1~0~none~gge14248~0","N~770~-135~0~#0000ff~GND~gge14254~start~772~-137.5~Times New Roman~7pt~0","W~775 -250 745 -250 745 -230 745 -225~#008800~1~0~none~gge14263~0","N~760~-250~0~#0000ff~MsSinal~gge14266~start~762~-252.5~Times New Roman~7pt~0","R~610~-300~~~235~195~#000000~1~0~none~gge14275~0~","W~625 -205 625 -270 705 -270 705 -265~#008800~1~0~none~gge14276~0","N~655~-270~0~#0000ff~17~gge14277~start~657~-272.5~Times New Roman~7pt~0","R~340~-705~~~190~495~#000000~1~0~none~gge14286~0~","J~1015~-210~2.5~#CC0000~gge13801~0","J~975~-210~2.5~#CC0000~gge13802~0","J~700~-205~2.5~#CC0000~gge14242~0","J~745~-165~2.5~#CC0000~gge14249~0"],"BBox":{"x":-0.4,"y":-806.8,"width":1149.4,"height":807.1},"colors":[]}}],"docType":5,"title":"CPUGrenalhaTech","name":"CPUGrenalhaTech"}