{"schematics":[{"docType":1,"title":"Sensor de Corpo PCB","dataStr":{"head":{"docType":"1","editorVersion":"6.4.20.6","newgId":true,"c_para":{"Prefix Start":"1"},"c_spiceCmd":"null","hasIdFlag":true,"uuid":"b38329359ee74cddb0839a132b936e00","x":"0","y":"0","portOfADImportHack":"","importFlag":0,"transformList":""},"canvas":"CA~1000~1000~#FFFFFF~yes~#CCCCCC~5~1000~1000~line~5~pixel~5~0~0","shape":["LIB~0~-806~package`NONE`BOM_Manufacturer Part`?`spicePre`.`~~0~frame_lib_1~~~0~~yes~yes#@$T~N~570.5~-809~0~#000080~Arial~~~~~comment~A~0~start~gge77~0~#@$PT~M 206 -796 L 206 -806 M 206 -10 L 206 0 M 402 -796 L 402 -806 M 402 -10 L 402 0 M 598 -796 L 598 -806 M 598 -10 L 598 0 M 794 -796 L 794 -806 M 794 -10 L 794 0 M 990 -796 L 990 -806 M 990 -10 L 990 0 M 10 -600 L 0 -600 M 1139 -600 L 1149 -600 M 10 -404 L 0 -404 M 1139 -404 L 1149 -404 M 10 -208 L 0 -208 M 1139 -208 L 1149 -208 M 10 -12 L 0 -12 M 1139 -12 L 1149 -12~#880000~1~0~none~gge6~0~frame_tick#@$T~P~571.5~-818~0~#000080~Arial~~~~~comment~A~0~start~gge76~0~#@$T~L~1.5~-698~0~#880000~~~~~~comment~A~1~start~gge7~0~frame_tick#@$T~L~1140.5~-698~0~#880000~~~~~~comment~A~1~start~gge9~0~frame_tick#@$T~L~1.5~-502~0~#880000~~~~~~comment~B~1~start~gge11~0~frame_tick#@$T~L~1140.5~-502~0~#880000~~~~~~comment~B~1~start~gge13~0~frame_tick#@$T~L~1.5~-306~0~#880000~~~~~~comment~C~1~start~gge15~0~frame_tick#@$T~L~1140.5~-306~0~#880000~~~~~~comment~C~1~start~gge17~0~frame_tick#@$T~L~1.5~-110~0~#880000~~~~~~comment~D~1~start~gge19~0~frame_tick#@$T~L~1140.5~-110~0~#880000~~~~~~comment~D~1~start~gge21~0~frame_tick#@$T~L~108~-797.5~0~#880000~~~~~~comment~1~1~start~gge23~0~frame_tick#@$T~L~108~-1.5~0~#880000~~~~~~comment~1~1~start~gge25~0~frame_tick#@$T~L~304~-797.5~0~#880000~~~~~~comment~2~1~start~gge27~0~frame_tick#@$T~L~304~-1.5~0~#880000~~~~~~comment~2~1~start~gge29~0~frame_tick#@$T~L~500~-797.5~0~#880000~~~~~~comment~3~1~start~gge31~0~frame_tick#@$T~L~500~-1.5~0~#880000~~~~~~comment~3~1~start~gge33~0~frame_tick#@$T~L~696~-797.5~0~#880000~~~~~~comment~4~1~start~gge35~0~frame_tick#@$T~L~696~-1.5~0~#880000~~~~~~comment~4~1~start~gge37~0~frame_tick#@$T~L~892~-797.5~0~#880000~~~~~~comment~5~1~start~gge39~0~frame_tick#@$T~L~892~-1.5~0~#880000~~~~~~comment~5~1~start~gge?~0~frame_tick#@$R~10~-796~~~1129~786~#880000~1~0~none~gge42~0~frame_innerbox#@$R~0~-806~~~1149~806~#880000~1~0~none~gge43~0~frame_outbox#@$R~694.99995~-90~~~444~80~#880000~1~0~none~gge44~0~frame_hitarea#@$PL~695.1 -50.75 1138.63 -50.75~#880000~1~0~none~gge45~0#@$PL~799.63 -30.75 1138.63 -30.75~#880000~1~0~none~gge46~0#@$PL~1059.61 -89.93 1059.63 -50.75~#880000~1~0~none~gge47~0#@$PL~1059.63 -50.75 1059.63 -30.75~#880000~1~0~none~gge48~0#@$T~L~699.99995~-77~0~#880000~~8pt~~~~comment~TITLE:~1~start~gge49~0~pinpart#@$T~L~757.62495~-64.41~0~#0000FF~~10pt~~~~comment~Technip PCB Body Sensor~1~start~gge51~0~frame_title#@$T~L~1064.62495~-63.75~0~#880000~~8pt~~~~comment~REV:~1~start~gge53~0~pinpart#@$T~L~1102.62495~-63.75~0~#0000FF~~9pt~~~~comment~2.0~1~start~gge55~0~frame_version#@$T~L~804.62495~-15~0~#880000~~8pt~~~~comment~Date:~1~start~gge57~0~pinpart#@$T~L~851.62495~-14.52~0~#0000FF~~9pt~~~~comment~2020-09-18~1~start~gge59~0~frame_date#@$T~L~1063.62495~-35~0~#880000~~8pt~~~~comment~Sheet:~1~start~gge61~0~pinpart#@$T~L~1108.62495~-34.52~0~#0000FF~~9pt~~~~comment~1\/1~1~start~gge63~0~frame_sheet#@$T~L~943.62495~-14.75~0~#880000~~8pt~~~~comment~Drawn By:~1~start~gge65~0~pinpart#@$T~L~1008.63~-14.75~0~#0000FF~~9pt~~~~comment~Fabr\u00edcio Neves~1~start~gge67~0~frame_drawn#@$T~L~804.62495~-36.75~0~#880000~~8pt~~~~comment~Company:~1~start~gge69~0~pinpart#@$T~L~871.24995~-36.64~0~#0000FF~~9pt~~~~comment~Fox Prime Industries~1~start~gge71~0~frame_company#@$PL~799.63 -50.75 799.63 -10.75~#880000~1~0~none~gge73~0","LIB~165~-600~package`PIN_HEADER_8P`BOM_Manufacturer Part`Pin_Header_6P`Contributor`Imran Alam`BOM_Supplier Part``BOM_Supplier``spicePre`U`spiceSymbolName`Pin_Header_6P baba`~~0~gge5e961c286b255a64~8a4cf0a392534359ac82712debd5f484~01495b031feb409aad627a5e0026d457~0~~yes~yes#@$T~N~170.03125~-648~0~#000080~Arial~~~~~comment~Pin_Header_6P baba~1~start~gge851~0~#@$T~P~170.03125~-657~0~#000080~Arial~~~~~comment~U2~1~start~gge853~0~#@$R~155~-645~~~20~90~#000000~1~0~none~gge855~0~#@$P~show~0~1~195~-635~~gge856~0^^195~-635^^M 195 -635 h -20~#880000^^1~173~-632~0~1~end~~~#0000FF^^1~180~-636~0~1~start~~~#0000FF^^0~178~-635^^0~M 175 -638 L 172 -635 L 175 -632#@$P~show~0~2~195~-625~~gge863~0^^195~-625^^M 195 -625 h -20~#880000^^1~173~-622~0~2~end~~~#0000FF^^1~180~-626~0~2~start~~~#0000FF^^0~178~-625^^0~M 175 -628 L 172 -625 L 175 -622#@$P~show~0~3~195~-615~~gge870~0^^195~-615^^M 195 -615 h -20~#880000^^1~173~-612~0~3~end~~~#0000FF^^1~180~-616~0~3~start~~~#0000FF^^0~178~-615^^0~M 175 -618 L 172 -615 L 175 -612#@$P~show~0~4~195~-605~~gge877~0^^195~-605^^M 195 -605 h -20~#880000^^1~173~-602~0~4~end~~~#0000FF^^1~180~-606~0~4~start~~~#0000FF^^0~178~-605^^0~M 175 -608 L 172 -605 L 175 -602#@$P~show~0~5~195~-595~~gge884~0^^195~-595^^M 195 -595 h -20~#880000^^1~173~-592~0~5~end~~~#0000FF^^1~180~-596~0~5~start~~~#0000FF^^0~178~-595^^0~M 175 -598 L 172 -595 L 175 -592#@$P~show~0~6~195~-585~~gge891~0^^195~-585^^M 195 -585 h -20~#880000^^1~173~-582~0~6~end~~~#0000FF^^1~180~-586~0~6~start~~~#0000FF^^0~178~-585^^0~M 175 -588 L 172 -585 L 175 -582#@$P~show~0~7~195~-575~~gge898~0^^195~-575^^M 195 -575 h -20~#880000^^1~173~-572~0~7~end~~~#0000FF^^1~180~-576~0~7~start~~~#0000FF^^0~178~-575^^0~M 175 -578 L 172 -575 L 175 -572#@$P~show~0~8~195~-565~~gge905~0^^195~-565^^M 195 -565 h -20~#880000^^1~173~-562~0~8~end~~~#0000FF^^1~180~-566~0~8~start~~~#0000FF^^0~178~-565^^0~M 175 -568 L 172 -565 L 175 -562","W~500 -250 515 -250~#008800~1~0~none~gge907~0","W~510 -210 505 -210 505 -250~#008800~1~0~none~gge908~0","N~510~-210~0~#0000ff~36~gge910~start~512~-212.5~Times New Roman~7pt~0","F~part_netLabel_gnD~575~-250~0~gge912~~0^^575~-250^^GND~#000000~562~-224~0~start~1~Times New Roman~9pt~flag_gge5^^PL~575 -240 575 -250~#000000~1~0~transparent~gge916~0^^PL~566 -240 584 -240~#000000~1~0~transparent~gge917~0^^PL~569 -238 581 -238~#000000~1~0~transparent~gge918~0^^PL~572 -236 578 -236~#000000~1~0~transparent~gge919~0^^PL~574 -234 576 -234~#000000~1~0~transparent~gge920~0","F~part_netLabel_VCC~430~-250~0~gge945~~0^^430~-250^^VBAT~#000000~414.3125~-260.921875~0~start~1~Times New Roman~9pt~flag_gge6^^PL~430 -260 430 -250~#000000~1~0~transparent~gge949~0^^PL~425 -260 435 -260~#000000~1~0~transparent~gge950~0","W~485 -300 460 -300 460 -250 430 -250~#008800~1~0~none~gge957~0","W~525 -300 555 -300 555 -250 575 -250~#008800~1~0~none~gge958~0","W~190 -280 215 -280~#008800~1~0~none~gge1035~0","W~200 -220 215 -220~#008800~1~0~none~gge1036~0","W~310 -280 255 -280~#008800~1~0~none~gge1039~0","W~255 -220 310 -220~#008800~1~0~none~gge1041~0","N~290~-280~0~#0000ff~LedRed~gge1042~start~292~-282.5~Times New Roman~7pt~0","N~290~-220~0~#0000ff~17~gge1050~start~292~-222.5~Times New Roman~7pt~0","W~785 -375 745 -375 740 -375~#008800~1~0~none~gge1063~0","N~740~-375~0~#0000ff~17~gge1064~start~742~-377.5~Times New Roman~7pt~0","W~785 -555 725 -555 720 -555~#008800~1~0~none~gge1074~0","N~720~-555~0~#0000ff~0~gge1075~start~722~-557.5~Times New Roman~7pt~0","W~985 -695 1030 -695~#008800~1~0~none~gge1083~0","F~part_netLabel_gnD~1030~-695~0~gge1084~~0^^1030~-695^^GND~#000000~1017~-669~0~start~1~Times New Roman~9pt~flag_gge7^^PL~1030 -685 1030 -695~#000000~1~0~transparent~gge1088~0^^PL~1021 -685 1039 -685~#000000~1~0~transparent~gge1089~0^^PL~1024 -683 1036 -683~#000000~1~0~transparent~gge1090~0^^PL~1027 -681 1033 -681~#000000~1~0~transparent~gge1091~0^^PL~1029 -679 1031 -679~#000000~1~0~transparent~gge1092~0","W~290 -640 275 -640 250 -640 250 -625 195 -625~#008800~1~0~none~gge1107~0","W~290 -625 275 -625 265 -625 265 -615 250 -615 195 -615~#008800~1~0~none~gge1108~0","W~290 -605 250 -605 195 -605~#008800~1~0~none~gge1109~0","W~290 -585 250 -585 250 -595 195 -595~#008800~1~0~none~gge1110~0","N~285~-585~0~#0000ff~SDA~gge1122~start~287~-587.5~Times New Roman~7pt~0","N~285~-605~0~#0000ff~SCL~gge1126~start~287~-607.5~Times New Roman~7pt~0","N~285~-625~0~#0000ff~GND~gge1130~start~287~-627.5~Times New Roman~7pt~0","N~285~-640~0~#0000ff~3v3~gge1134~start~287~-642.5~Times New Roman~7pt~0","W~520 -620 495 -620 495 -700 435 -700~#008800~1~0~none~gge2882~0","N~435~-700~0~#0000ff~3v3~gge2883~start~437~-702.5~Times New Roman~7pt~0","F~part_netLabel_gnD~435~-595~0~gge2947~~0^^435~-595^^GND~#000000~422~-569~0~start~1~Times New Roman~9pt~flag_gge8^^PL~435 -585 435 -595~#000000~1~0~transparent~gge2951~0^^PL~426 -585 444 -585~#000000~1~0~transparent~gge2952~0^^PL~429 -583 441 -583~#000000~1~0~transparent~gge2953~0^^PL~432 -581 438 -581~#000000~1~0~transparent~gge2954~0^^PL~434 -579 436 -579~#000000~1~0~transparent~gge2955~0","W~985 -635 1040 -635~#008800~1~0~none~gge2968~0","N~1030~-635~0~#0000ff~36~gge2969~start~1032~-637.5~Times New Roman~7pt~0","F~part_netLabel_gnD~135~-220~0~gge2977~~0^^135~-220^^GND~#000000~122~-194~0~start~1~Times New Roman~9pt~flag_gge9^^PL~135 -210 135 -220~#000000~1~0~transparent~gge2981~0^^PL~126 -210 144 -210~#000000~1~0~transparent~gge2982~0^^PL~129 -208 141 -208~#000000~1~0~transparent~gge2983~0^^PL~132 -206 138 -206~#000000~1~0~transparent~gge2984~0^^PL~134 -204 136 -204~#000000~1~0~transparent~gge2985~0","F~part_netLabel_gnD~135~-280~0~gge2986~~0^^135~-280^^GND~#000000~122~-254~0~start~1~Times New Roman~9pt~flag_gge10^^PL~135 -270 135 -280~#000000~1~0~transparent~gge2990~0^^PL~126 -270 144 -270~#000000~1~0~transparent~gge2991~0^^PL~129 -268 141 -268~#000000~1~0~transparent~gge2992~0^^PL~132 -266 138 -266~#000000~1~0~transparent~gge2993~0^^PL~134 -264 136 -264~#000000~1~0~transparent~gge2994~0","W~150 -280 135 -280~#008800~1~0~none~gge3004~0","W~160 -220 135 -220~#008800~1~0~none~gge3005~0","N~1050~-355~0~#0000ff~SDA~gge3007~start~1052~-357.5~Times New Roman~7pt~0","W~785 -535 720 -535~#008800~1~0~none~gge3015~0","N~720~-535~0~#0000ff~SCL~gge3018~start~722~-537.5~Times New Roman~7pt~0","LIB~500~-445~package`JST_B3B-PH_HEADER`spicePre`U`spiceSymbolName`JST-PH_3-PIN_HEADER`BOM_Manufacturer Part``~~0~gge33eaa369e338094a~db732aa5d4e64d1590b0e30eb64fb7b5~d13e6c915a794fa18e46db4bdeac7d0c~0~~yes~yes#@$T~N~492.953125~-468~0~#000080~Arial~~~~~comment~Conex\u00e3o Bat\/ESP32~1~start~gge4577~0~#@$T~P~492.9609375~-476.34375~0~#000080~Arial~~~~~comment~U3~1~start~gge4579~0~#@$P~show~0~P1~480~-455~180~gge4581~0^^480~-455^^M 480 -455 h 20~#8D2323^^1~503~-452~0~1~start~~~#8D2323^^0~494~-456~0~P1~end~~~#8D2323^^0~497~-455^^0~M 500 -452 L 503 -455 L 500 -458#@$P~show~0~P2~480~-445~180~gge4588~0^^480~-445^^M 480 -445 h 20~#8D2323^^1~503~-442~0~2~start~~~#8D2323^^0~494~-446~0~P2~end~~~#8D2323^^0~497~-445^^0~M 500 -442 L 503 -445 L 500 -448#@$P~show~0~P3~480~-435~180~gge4595~0^^480~-435^^M 480 -435 h 20~#8D2323^^1~503~-432~0~3~start~~~#8D2323^^0~494~-436~0~P3~end~~~#8D2323^^0~497~-435^^0~M 500 -432 L 503 -435 L 500 -438#@$PL~490 -465 520 -465~#8D2323~1~0~none~gge4602~0#@$PL~520 -465 520 -425~#8D2323~1~0~none~gge4603~0#@$PL~520 -425 490 -425~#8D2323~1~0~none~gge4604~0#@$PL~490 -425 490 -465~#8D2323~1~0~none~gge4605~0#@$E~500~-455~4~4~#8D2323~1~0~none~gge4606~0#@$E~500~-445~4~4~#8D2323~1~0~none~gge4607~0#@$E~500~-435~4~4~#8D2323~1~0~none~gge4608~0","W~480 -455 465 -455~#008800~1~0~none~gge4643~0","W~480 -435 465 -435~#008800~1~0~none~gge4644~0","F~part_netLabel_VCC~465~-455~0~gge4646~~0^^465~-455^^VBAT~#000000~453~-467~0~start~1~Times New Roman~9pt~flag_gge11^^PL~465 -465 465 -455~#000000~1~0~transparent~gge4650~0^^PL~460 -465 470 -465~#000000~1~0~transparent~gge4651~0","F~part_netLabel_gnD~465~-435~0~gge4653~~0^^465~-435^^GND~#000000~452~-409~0~start~1~Times New Roman~9pt~flag_gge12^^PL~465 -425 465 -435~#000000~1~0~transparent~gge4657~0^^PL~456 -425 474 -425~#000000~1~0~transparent~gge4658~0^^PL~459 -423 471 -423~#000000~1~0~transparent~gge4659~0^^PL~462 -421 468 -421~#000000~1~0~transparent~gge4660~0^^PL~464 -419 466 -419~#000000~1~0~transparent~gge4661~0","LIB~855~-615~package`ESP32 HELTEC WIFI KIT 32`BOM_Manufacturer`HELTEC`BOM_Manufacturer Part`ZC-18`BOM_Supplier Part`ZC-18`BOM_Supplier`HELTEC`link`https:\/\/heltec.org\/project\/wifi-kit-32\/`Contributor`darmstrong`spicePre`U`spiceSymbolName`ESP32 HELTEC WIFI KIT 32 V2`~~0~ggecb602ef165027424~61f9a42cac3943e29a735cc742ac1bb4~de5d22e9edc54fdaa3742c7c0cd6ffe4~0~~yes~yes#@$T~N~817.9453125~-711.7890625~0~#000080~Arial~~~~~comment~ESP32 HELTEC WIFI KIT 32 V2~1~start~gge7137~0~#@$T~P~874.03125~-731.84375~0~#000080~Arial~~~~~comment~U4~1~start~gge7139~0~#@$R~795~-707~~~169~364~#000000~1~0~none~gge7141~0~#@$P~show~0~2~775~-675~180~gge7142~0^^775~-675^^M 775 -675 h 20~#880000^^1~797~-672~0~3V3~start~~~#0000FF^^1~790~-676~0~2~end~~~#0000FF^^0~792~-675^^0~M 795 -672 L 798 -675 L 795 -678#@$P~show~0~3~775~-655~180~gge7149~0^^775~-655^^M 775 -655 h 20~#880000^^1~797~-652~0~Vext~start~~~#0000FF^^1~790~-656~0~3~end~~~#0000FF^^0~792~-655^^0~M 795 -652 L 798 -655 L 795 -658#@$P~show~0~4~775~-635~180~gge7156~0^^775~-635^^M 775 -635 h 20~#880000^^1~797~-632~0~RST~start~~~#0000FF^^1~790~-636~0~4~end~~~#0000FF^^0~792~-635^^0~M 795 -632 L 798 -635 L 795 -638#@$P~show~0~5~775~-615~180~gge7163~0^^775~-615^^M 775 -615 h 20~#880000^^1~797~-612~0~D13~start~~~#0000FF^^1~790~-616~0~5~end~~~#0000FF^^0~792~-615^^0~M 795 -612 L 798 -615 L 795 -618#@$P~show~0~6~775~-595~180~gge7170~0^^775~-595^^M 775 -595 h 20~#880000^^1~797~-592~0~D12~start~~~#0000FF^^1~790~-596~0~6~end~~~#0000FF^^0~792~-595^^0~M 795 -592 L 798 -595 L 795 -598#@$P~show~0~7~775~-575~180~gge7177~0^^775~-575^^M 775 -575 h 20~#880000^^1~797~-572~0~D14~start~~~#0000FF^^1~790~-576~0~7~end~~~#0000FF^^0~792~-575^^0~M 795 -572 L 798 -575 L 795 -578#@$P~show~0~8~775~-555~180~gge7184~0^^775~-555^^M 775 -555 h 20~#880000^^1~797~-552~0~D27~start~~~#0000FF^^1~790~-556~0~8~end~~~#0000FF^^0~792~-555^^0~M 795 -552 L 798 -555 L 795 -558#@$P~show~0~9~775~-535~180~gge7191~0^^775~-535^^M 775 -535 h 20~#880000^^1~797~-532~0~D26~start~~~#0000FF^^1~790~-536~0~9~end~~~#0000FF^^0~792~-535^^0~M 795 -532 L 798 -535 L 795 -538#@$P~show~0~10~775~-515~180~gge7198~0^^775~-515^^M 775 -515 h 20~#880000^^1~797~-512~0~D25~start~~~#0000FF^^1~790~-516~0~10~end~~~#0000FF^^0~792~-515^^0~M 795 -512 L 798 -515 L 795 -518#@$P~show~0~11~775~-495~180~gge7205~0^^775~-495^^M 775 -495 h 20~#880000^^1~797~-492~0~D33~start~~~#0000FF^^1~790~-496~0~11~end~~~#0000FF^^0~792~-495^^0~M 795 -492 L 798 -495 L 795 -498#@$P~show~0~12~775~-475~180~gge7212~0^^775~-475^^M 775 -475 h 20~#880000^^1~797~-472~0~D32~start~~~#0000FF^^1~790~-476~0~12~end~~~#0000FF^^0~792~-475^^0~M 795 -472 L 798 -475 L 795 -478#@$P~show~0~13~775~-455~180~gge7219~0^^775~-455^^M 775 -455 h 20~#880000^^1~797~-452~0~D35~start~~~#0000FF^^1~790~-456~0~13~end~~~#0000FF^^0~792~-455^^0~M 795 -452 L 798 -455 L 795 -458#@$P~show~0~14~775~-435~180~gge7226~0^^775~-435^^M 775 -435 h 20~#880000^^1~797~-432~0~D34~start~~~#0000FF^^1~790~-436~0~14~end~~~#0000FF^^0~792~-435^^0~M 795 -432 L 798 -435 L 795 -438#@$P~show~0~15~775~-415~180~gge7233~0^^775~-415^^M 775 -415 h 20~#880000^^1~797~-412~0~D39~start~~~#0000FF^^1~790~-416~0~15~end~~~#0000FF^^0~792~-415^^0~M 795 -412 L 798 -415 L 795 -418#@$P~show~0~16~775~-395~180~gge7240~0^^775~-395^^M 775 -395 h 20~#880000^^1~797~-392~0~D38~start~~~#0000FF^^1~790~-396~0~16~end~~~#0000FF^^0~792~-395^^0~M 795 -392 L 798 -395 L 795 -398#@$P~show~0~17~775~-375~180~gge7247~0^^775~-375^^M 775 -375 h 20~#880000^^1~797~-372~0~D37~start~~~#0000FF^^1~790~-376~0~17~end~~~#0000FF^^0~792~-375^^0~M 795 -372 L 798 -375 L 795 -378#@$P~show~0~18~775~-355~180~gge7254~0^^775~-355^^M 775 -355 h 20~#880000^^1~797~-352~0~D36~start~~~#0000FF^^1~790~-356~0~18~end~~~#0000FF^^0~792~-355^^0~M 795 -352 L 798 -355 L 795 -358#@$P~show~0~19~985~-355~0~gge7261~0^^985~-355^^M 985 -355 h -20~#880000^^1~963~-352~0~D21~end~~~#0000FF^^1~970~-356~0~19~start~~~#0000FF^^0~968~-355^^0~M 965 -358 L 962 -355 L 965 -352#@$P~show~0~20~985~-375~0~gge7268~0^^985~-375^^M 985 -375 h -20~#880000^^1~963~-372~0~D22~end~~~#0000FF^^1~970~-376~0~20~start~~~#0000FF^^0~968~-375^^0~M 965 -378 L 962 -375 L 965 -372#@$P~show~0~21~985~-395~0~gge7275~0^^985~-395^^M 985 -395 h -20~#880000^^1~963~-392~0~D19~end~~~#0000FF^^1~970~-396~0~21~start~~~#0000FF^^0~968~-395^^0~M 965 -398 L 962 -395 L 965 -392#@$P~show~0~22~985~-415~0~gge7282~0^^985~-415^^M 985 -415 h -20~#880000^^1~963~-412~0~D23~end~~~#0000FF^^1~970~-416~0~22~start~~~#0000FF^^0~968~-415^^0~M 965 -418 L 962 -415 L 965 -412#@$P~show~0~23~985~-435~0~gge7289~0^^985~-435^^M 985 -435 h -20~#880000^^1~963~-432~0~D18~end~~~#0000FF^^1~970~-436~0~23~start~~~#0000FF^^0~968~-435^^0~M 965 -438 L 962 -435 L 965 -432#@$P~show~0~24~985~-455~0~gge7296~0^^985~-455^^M 985 -455 h -20~#880000^^1~963~-452~0~D5~end~~~#0000FF^^1~970~-456~0~24~start~~~#0000FF^^0~968~-455^^0~M 965 -458 L 962 -455 L 965 -452#@$P~show~0~25~985~-475~0~gge7303~0^^985~-475^^M 985 -475 h -20~#880000^^1~963~-472~0~D17~end~~~#0000FF^^1~970~-476~0~25~start~~~#0000FF^^0~968~-475^^0~M 965 -478 L 962 -475 L 965 -472#@$P~show~0~26~985~-495~0~gge7310~0^^985~-495^^M 985 -495 h -20~#880000^^1~963~-492~0~D16~end~~~#0000FF^^1~970~-496~0~26~start~~~#0000FF^^0~968~-495^^0~M 965 -498 L 962 -495 L 965 -492#@$P~show~0~27~985~-515~0~gge7317~0^^985~-515^^M 985 -515 h -20~#880000^^1~963~-512~0~D4~end~~~#0000FF^^1~970~-516~0~27~start~~~#0000FF^^0~968~-515^^0~M 965 -518 L 962 -515 L 965 -512#@$P~show~0~28~985~-535~0~gge7324~0^^985~-535^^M 985 -535 h -20~#880000^^1~963~-532~0~D0~end~~~#0000FF^^1~970~-536~0~28~start~~~#0000FF^^0~968~-535^^0~M 965 -538 L 962 -535 L 965 -532#@$P~show~0~29~985~-555~0~gge7331~0^^985~-555^^M 985 -555 h -20~#880000^^1~963~-552~0~D2~end~~~#0000FF^^1~970~-556~0~29~start~~~#0000FF^^0~968~-555^^0~M 965 -558 L 962 -555 L 965 -552#@$P~show~0~30~985~-575~0~gge7338~0^^985~-575^^M 985 -575 h -20~#880000^^1~963~-572~0~D15~end~~~#0000FF^^1~970~-576~0~30~start~~~#0000FF^^0~968~-575^^0~M 965 -578 L 962 -575 L 965 -572#@$P~show~0~31~985~-595~0~gge7345~0^^985~-595^^M 985 -595 h -20~#880000^^1~963~-592~0~D3~end~~~#0000FF^^1~970~-596~0~31~start~~~#0000FF^^0~968~-595^^0~M 965 -598 L 962 -595 L 965 -592#@$P~show~0~32~985~-615~0~gge7352~0^^985~-615^^M 985 -615 h -20~#880000^^1~963~-612~0~D1~end~~~#0000FF^^1~970~-616~0~32~start~~~#0000FF^^0~968~-615^^0~M 965 -618 L 962 -615 L 965 -612#@$P~show~0~33~985~-635~0~gge7359~0^^985~-635^^M 985 -635 h -20~#880000^^1~963~-632~0~Vext~end~~~#0000FF^^1~970~-636~0~33~start~~~#0000FF^^0~968~-635^^0~M 965 -638 L 962 -635 L 965 -632#@$P~show~0~34~985~-655~0~gge7366~0^^985~-655^^M 985 -655 h -20~#880000^^1~963~-652~0~3V3~end~~~#0000FF^^1~970~-656~0~34~start~~~#0000FF^^0~968~-655^^0~M 965 -658 L 962 -655 L 965 -652#@$P~show~0~35~985~-675~0~gge7373~0^^985~-675^^M 985 -675 h -20~#880000^^1~963~-672~0~5V~end~~~#0000FF^^1~970~-676~0~35~start~~~#0000FF^^0~968~-675^^0~M 965 -678 L 962 -675 L 965 -672#@$P~show~0~36~985~-695~0~gge7380~0^^985~-695^^M 985 -695 h -20~#880000^^1~963~-692~0~GND~end~~~#0000FF^^1~970~-696~0~36~start~~~#0000FF^^0~968~-695^^0~M 965 -698 L 962 -695 L 965 -692#@$P~show~4~1~775~-695~180~gge7387~0^^775~-695^^M 775 -695 h 20~#880000^^1~797~-692~0~GND~start~~~#0000FF^^1~790~-696~0~1~end~~~#0000FF^^0~792~-695^^0~M 795 -692 L 798 -695 L 795 -698#@$T~L~915~-575~0~#FF0000~~~~~~comment~OLED~1~start~gge7394~0~pinpart#@$T~L~915~-495~0~#FF0000~~~~~~comment~OLED~1~start~gge7396~0~pinpart#@$T~L~915~-515~0~#FF0000~~~~~~comment~OLED~1~start~gge7398~0~pinpart#@$T~L~905~-435~0~#0000FF~~7.5pt~~~~comment~SCK~1~start~gge7400~0~pinpart#@$T~L~905~-415~0~#0000FF~~7.5pt~~~~comment~MOSI~1~start~gge7402~0~pinpart#@$T~L~905~-395~0~#0000FF~~7.5pt~~~~comment~MISO~1~start~gge7404~0~pinpart#@$T~L~905~-375~0~#0000FF~~7.5pt~~~~comment~SCL~1~start~gge7406~0~pinpart#@$T~L~890~-360~0~#0000FF~~7.5pt~~~~comment~SDA\/Vext Ctrl~1~start~gge7408~0~pinpart#@$T~L~895~-535~0~#0000FF~~7.5pt~undefined~undefined~~comment~GP0,AD2.1~1~start~gge7410~0~pinpart#@$T~L~900~-480~0~#0000FF~~7.5pt~undefined~undefined~~comment~U2_TXD~1~start~gge7412~0~pinpart#@$T~L~820~-415~0~#0000FF~~7.5pt~undefined~undefined~~comment~AD1.3\/GP39~1~start~gge7414~0~pinpart#@$T~L~820~-395~0~#0000FF~~7.5pt~undefined~undefined~~comment~AD1.2\/GP38~1~start~gge7416~0~pinpart#@$T~L~820~-375~0~#0000FF~~7.5pt~undefined~undefined~~comment~AD1.1\/GP37~1~start~gge7418~0~pinpart#@$T~L~820~-355~0~#0000FF~~7.5pt~undefined~undefined~~comment~AD1.0\/GP36~1~start~gge7420~0~pinpart#@$T~L~820~-435~0~#0000FF~~7.5pt~undefined~undefined~~comment~AD1.6\/GP34~1~start~gge7422~0~pinpart#@$T~L~820~-455~0~#0000FF~~7.5pt~undefined~undefined~~comment~AD1.7\/GP35~1~start~gge7424~0~pinpart#@$T~L~820~-615~0~#0000FF~~7.5pt~undefined~undefined~~comment~AD2.4\/GP13~1~start~gge7426~0~pinpart#@$T~L~820~-595~0~#0000FF~~7.5pt~undefined~undefined~~comment~AD2.5\/GP12~1~start~gge7428~0~pinpart#@$T~L~820~-575~0~#0000FF~~7.5pt~undefined~undefined~~comment~AD2.6\/GP14~1~start~gge7430~0~pinpart#@$T~L~820~-555~0~#0000FF~~7.5pt~undefined~undefined~~comment~AD2.7\/GP27~1~start~gge7432~0~pinpart#@$T~L~820~-535~0~#0000FF~~7.5pt~undefined~undefined~~comment~AD2.9\/GP26~1~start~gge7434~0~pinpart#@$T~L~820~-515~0~#0000FF~~7.5pt~undefined~undefined~~comment~AD2.8\/GP25~1~start~gge7436~0~pinpart#@$T~L~820~-495~0~#0000FF~~7.5pt~undefined~undefined~~comment~AD1.5\/GP33~1~start~gge7438~0~pinpart#@$T~L~820~-475~0~#0000FF~~7.5pt~undefined~undefined~~comment~AD1.4\/GP32~1~start~gge7440~0~pinpart#@$T~L~890~-460~0~#0000FF~~7.5pt~undefined~undefined~~comment~VSPI_CS\/GP5~1~start~gge7442~0~pinpart#@$T~L~905~-615~0~#0000FF~~7.5pt~undefined~undefined~~comment~U0_TXD~1~start~gge7444~0~pinpart#@$T~L~905~-595~0~#0000FF~~7.5pt~undefined~undefined~~comment~U0_RXD~1~start~gge7446~0~pinpart#@$T~L~844~-694~0~#0000FF~~7.5pt~undefined~undefined~~comment~ESP32 WIFI\\nVERSION 2\\nHELTEC KIT 32~1~start~gge7448~0~pinpart","W~985 -355 1050 -355~#008800~1~0~none~gge7774~0","W~985 -655 1080 -655~#008800~1~0~none~gge8484~0","N~1070~-655~0~#0000ff~3v3~gge8485~start~1072~-657.5~Times New Roman~7pt~0","LIB~540~-610~package`JST_B3B-PH_HEADER`spicePre`U`spiceSymbolName`JST-PH_3-PIN_HEADER`BOM_Manufacturer Part``~~0~gge847bb1137a9b6278~db732aa5d4e64d1590b0e30eb64fb7b5~d13e6c915a794fa18e46db4bdeac7d0c~0~~yes~yes#@$T~N~504.8828125~-631.6640625~0~#000080~Arial~~~~~comment~7x7mm Switch Button~1~start~gge9896~0~#@$T~P~539.0390625~-641.6640625~0~#000080~Arial~~~~~comment~U1~1~start~gge9898~0~#@$P~show~0~P1~520~-620~180~gge9900~0^^520~-620^^M 520 -620 h 20~#8D2323^^1~543~-617~0~1~start~~~#8D2323^^0~534~-621~0~P1~end~~~#8D2323^^0~537~-620^^0~M 540 -617 L 543 -620 L 540 -623#@$P~show~0~P2~520~-610~180~gge9907~0^^520~-610^^M 520 -610 h 20~#8D2323^^1~543~-607~0~2~start~~~#8D2323^^0~534~-611~0~P2~end~~~#8D2323^^0~537~-610^^0~M 540 -607 L 543 -610 L 540 -613#@$P~show~0~P3~520~-600~180~gge9914~0^^520~-600^^M 520 -600 h 20~#8D2323^^1~543~-597~0~3~start~~~#8D2323^^0~534~-601~0~P3~end~~~#8D2323^^0~537~-600^^0~M 540 -597 L 543 -600 L 540 -603#@$PL~530 -630 560 -630~#8D2323~1~0~none~gge9921~0#@$PL~560 -630 560 -590~#8D2323~1~0~none~gge9922~0#@$PL~560 -590 530 -590~#8D2323~1~0~none~gge9923~0#@$PL~530 -590 530 -630~#8D2323~1~0~none~gge9924~0#@$E~540~-620~4~4~#8D2323~1~0~none~gge9925~0#@$E~540~-610~4~4~#8D2323~1~0~none~gge9926~0#@$E~540~-600~4~4~#8D2323~1~0~none~gge9927~0","W~450 -600 435 -600 435 -595~#008800~1~0~none~gge9931~0","W~490 -600 520 -600~#008800~1~0~none~gge9932~0","LIB~235~-280~package`LED-TH_BD3.0_RED`BOM_Manufacturer`EVERLIGHT(\u53f0\u6e7e\u4ebf\u5149)`BOM_Manufacturer Part`204-10SDRD\/S530-A3-L`BOM_Supplier Part`C84774`BOM_Supplier`LCSC`link``Contributor`LCEDA_Lib`spicePre`L`spiceSymbolName`LED-TH-3mm_R`~180~0~ggefc6317ea3c812744~bec79a4ea65a4f65ba290a03b598a762~3721972c581d4f99b226effb1db7a790~0~~yes~yes#@$T~N~205.1328125~-292~0~#000080~Arial~~~~~comment~LED-TH-3mm_R~1~start~gge10420~0~#@$T~P~198.4375~-301.75~0~#000080~Arial~~~~~comment~LEDSTANDBY\/LOWBAT~1~start~gge10422~0~#@$PT~M 240 -286 L 230 -280 L 240 -273 Z~#880000~1~0~#FF0000~gge10424~0~#@$PL~230 -272 230 -288~#880000~1~0~#FF0000~gge10425~0#@$PL~230 -270 226 -266~#880000~1~0~#880000~gge10426~0#@$PL~226 -274 222 -270~#880000~1~0~#880000~gge10427~0#@$PT~M 223 -263 L 227 -265 L 225 -267 Z~#880000~1~0~#FF0000~gge10428~0~#@$PT~M 219 -267 L 223 -269 L 221 -271 Z~#880000~1~0~#FF0000~gge10429~0~#@$P~show~0~1~255~-280~0~gge10430~0^^255~-280^^M 255 -280 h -15~#880000^^0~238~-277~0~1~end~~~#0000FF^^0~242~-281~0~1~start~~~#0000FF^^0~243~-280^^0~M 240 -283 L 237 -280 L 240 -277#@$P~show~0~2~215~-280~180~gge10437~0^^215~-280^^M 215 -280 h 15~#880000^^0~232~-277~0~2~start~~~#0000FF^^0~228~-281~0~2~end~~~#0000FF^^0~227~-280^^0~M 230 -277 L 233 -280 L 230 -283","LIB~235~-220~package`LED-TH_BD3.0_GREEN`BOM_Manufacturer`EVERLIGHT(\u53f0\u6e7e\u4ebf\u5149)`BOM_Manufacturer Part`204-10SYGD\/S530-E3`BOM_Supplier Part`C85161`BOM_Supplier``link``Contributor`LCEDA_Lib`spicePre`L`spiceSymbolName`LED-TH-3mm_G`~180~0~gge23504cb558804583~52107c2975c74633a8d8f531ccb01bc4~56f8b2b64a544f3d820bc0399720da54~0~~yes~yes#@$T~N~218.921875~-231~0~#000080~Arial~~~~~comment~LED-TH-3mm_G~1~start~gge10470~0~#@$T~P~218.921875~-240~0~#000080~Arial~~~~~comment~LEDON~1~start~gge10472~0~#@$PT~M 240 -226 L 230 -220 L 240 -213 Z~#880000~1~0~#00FF00~gge10474~0~#@$PL~230 -212 230 -228~#880000~1~0~#FF0000~gge10475~0#@$PL~230 -210 226 -206~#880000~1~0~#880000~gge10476~0#@$PL~226 -214 222 -210~#880000~1~0~#880000~gge10477~0#@$PT~M 223 -203 L 227 -205 L 225 -207 Z~#880000~1~0~#00FF00~gge10478~0~#@$PT~M 219 -207 L 223 -209 L 221 -211 Z~#880000~1~0~#00FF00~gge10479~0~#@$P~show~0~1~255~-220~0~gge10480~0^^255~-220^^M 255 -220 h -15~#880000^^0~238~-217~0~1~end~~~#0000FF^^0~242~-221~0~1~start~~~#0000FF^^0~243~-220^^0~M 240 -223 L 237 -220 L 240 -217#@$P~show~0~2~215~-220~180~gge10487~0^^215~-220^^M 215 -220 h 15~#880000^^0~232~-217~0~2~start~~~#0000FF^^0~228~-221~0~2~end~~~#0000FF^^0~227~-220^^0~M 230 -217 L 233 -220 L 230 -223","W~985 -395 1050 -395~#008800~1~0~none~gge10520~0","N~1050~-395~0~#0000ff~12~gge10521~start~1052~-397.5~Times New Roman~7pt~0","N~1050~-375~0~#0000ff~13~gge10533~start~1052~-377.5~Times New Roman~7pt~0","LIB~255~-440~package`JST_B3B-PH_HEADER`spicePre`U`spiceSymbolName`JST-PH_3-PIN_HEADER`BOM_Manufacturer Part``~~0~gge082abd9f7e37c058~db732aa5d4e64d1590b0e30eb64fb7b5~d13e6c915a794fa18e46db4bdeac7d0c~0~~yes~yes#@$T~N~247.953125~-463~0~#000080~Arial~~~~~comment~Jumper~1~start~gge10545~0~#@$T~P~247.9609375~-471.34375~0~#000080~Arial~~~~~comment~U5~1~start~gge10547~0~#@$P~show~0~P1~235~-450~180~gge10549~0^^235~-450^^M 235 -450 h 20~#8D2323^^1~258~-447~0~1~start~~~#8D2323^^0~249~-451~0~P1~end~~~#8D2323^^0~252~-450^^0~M 255 -447 L 258 -450 L 255 -453#@$P~show~0~P2~235~-440~180~gge10556~0^^235~-440^^M 235 -440 h 20~#8D2323^^1~258~-437~0~2~start~~~#8D2323^^0~249~-441~0~P2~end~~~#8D2323^^0~252~-440^^0~M 255 -437 L 258 -440 L 255 -443#@$P~show~0~P3~235~-430~180~gge10563~0^^235~-430^^M 235 -430 h 20~#8D2323^^1~258~-427~0~3~start~~~#8D2323^^0~249~-431~0~P3~end~~~#8D2323^^0~252~-430^^0~M 255 -427 L 258 -430 L 255 -433#@$PL~245 -460 275 -460~#8D2323~1~0~none~gge10570~0#@$PL~275 -460 275 -420~#8D2323~1~0~none~gge10571~0#@$PL~275 -420 245 -420~#8D2323~1~0~none~gge10572~0#@$PL~245 -420 245 -460~#8D2323~1~0~none~gge10573~0#@$E~255~-450~4~4~#8D2323~1~0~none~gge10574~0#@$E~255~-440~4~4~#8D2323~1~0~none~gge10575~0#@$E~255~-430~4~4~#8D2323~1~0~none~gge10576~0","W~170 -465 200 -465 200 -450 235 -450~#008800~1~0~none~gge10581~0","W~150 -440 235 -440~#008800~1~0~none~gge10582~0","W~170 -415 200 -415 200 -430 235 -430~#008800~1~0~none~gge10583~0","N~170~-465~0~#0000ff~12~gge10593~start~172~-467.5~Times New Roman~7pt~0","N~170~-415~0~#0000ff~0~gge10597~start~172~-417.5~Times New Roman~7pt~0","N~150~-440~0~#0000ff~LedRed~gge10605~start~152~-442.5~Times New Roman~7pt~0","T~L~195~-725~0~#0000FF~~9pt~~~~comment~MMA8452~1~start~gge10621~0~pinpart","T~L~210~-530~0~#0000FF~~9pt~~~~comment~Seletor~1~start~gge10626~0~pinpart","R~120~-330~~~220~170~#000000~1~0~none~gge10633~0~","T~L~205~-335~0~#0000FF~~9pt~~~~comment~Led's~1~start~gge10634~0~pinpart","R~120~-525~~~220~170~#000000~1~0~none~gge10651~0~","R~120~-715~~~220~170~#000000~1~0~none~gge10653~0~","R~395~-330~~~220~170~#000000~1~0~none~gge10655~0~","R~395~-525~~~220~170~#000000~1~0~none~gge10657~0~","R~395~-715~~~220~170~#000000~1~0~none~gge10663~0~","W~520 -610 485 -610 485 -650 435 -650~#008800~1~0~none~gge10664~0","T~L~450~-720~0~#0000FF~~9pt~~~~comment~Deep Sleep Button~1~start~gge10669~0~pinpart","T~L~445~-530~0~#0000FF~~9pt~~~~comment~Conex\u00e3o Bat\/ESP32~1~start~gge10673~0~pinpart","W~985 -375 1050 -375~#008800~1~0~none~gge10902~0","N~435~-650~0~#0000ff~13~gge10903~start~437~-652.5~Times New Roman~7pt~0","LIB~505~-300~package`CAP-D6.3\u00d7F2.5`nameAlias`Value(F)`BOM_Supplier Part``BOM_Supplier``Contributor`LCEDA_Lib`spicePre`C`spiceSymbolName`CE_TH_D6.3\u00d7F2.5_US`BOM_Manufacturer Part``~~0~gge8870177d3349105d~f22f57806f1b484c9525ae585bd9e142~decd6f6d3af642e7af4bce30b1197f3b~0~~yes~yes#@$T~N~499.03125~-313~0~#000080~Arial~~~~~comment~1u~1~start~gge11229~0~#@$T~P~499.03125~-322.15625~0~#000080~Arial~~~~~comment~C1~1~start~gge11231~0~#@$P~show~0~1~485~-300~0~gge11233~0^^485~-300^^M 485 -300 h 17~#8D2323^^0~505~-297~0~1~start~~~#8D2323^^0~496~-301~0~1~end~~~#8D2323^^0~505~-300^^0~M 502 -303 L 499 -300 L 502 -297#@$P~show~0~2~525~-300~180~gge11240~0^^525~-300^^M 525 -300 h -19~#8D2323^^0~503~-297~0~2~end~~~#8D2323^^0~512~-301~0~2~start~~~#8D2323^^0~503~-300^^0~M 506 -297 L 509 -300 L 506 -303#@$PL~502 -310 502 -290~#8D2323~1~0~none~gge11247~0#@$A~M 506 -300 A 16.0836 16.0836 0 0 0 509 -290~~#8D2323~1~0~none~gge11248~0#@$A~M 509 -310 A 16.2917 16.2917 0 0 0 506 -300~~#8D2323~1~0~none~gge11249~0#@$R~497~-307~~~0.1~4~#8D2323~1~0~#8D2323~gge11250~0~#@$R~495~-305~~~4~0.1~#8D2323~1~0~#8D2323~gge11251~0~","LIB~480~-250~package`R_AXIAL-0.4`nameAlias`Value(\u03a9)`BOM_Supplier Part``BOM_Supplier``Contributor`LCEDA_Lib`spicePre`R`spiceSymbolName`R_AXIAL-0.4_EU`BOM_Manufacturer Part``~~0~ggecb7f0ce348c53052~5905db98cde4487fbb177070aa85bbe1~f0bc163659d742bc8f021d00cdeb85b2~0~~yes~yes#@$T~N~474.03125~-258~0~#000080~Arial~~~~~comment~100k~1~start~gge11281~0~#@$T~P~474.03125~-267~0~#000080~Arial~~~~~comment~R1~1~start~gge11283~0~#@$R~470~-255~~~20~10~#A00000~1~0~none~gge11285~0~#@$P~show~0~2~500~-250~0~gge11286~0^^500~-250^^M 490 -250 h 10~#800^^0~486~-250~0~2~end~~~#800^^0~494~-254~0~2~start~~~#800^^0~513~-250^^0~M 510 -253 L 507 -250 L 510 -247#@$P~show~0~1~460~-250~180~gge11293~0^^460~-250^^M 470 -250 h -10~#800^^0~474~-250~0~1~start~~~#800^^0~466~-254~0~1~end~~~#800^^0~447~-250^^0~M 450 -247 L 453 -250 L 450 -253","LIB~535~-250~package`R_AXIAL-0.4`nameAlias`Value(\u03a9)`BOM_Supplier Part``BOM_Supplier``Contributor`LCEDA_Lib`spicePre`R`spiceSymbolName`R_AXIAL-0.4_EU`BOM_Manufacturer Part``~~0~ggec1a95248e7df3f3c~5905db98cde4487fbb177070aa85bbe1~f0bc163659d742bc8f021d00cdeb85b2~0~~yes~yes#@$T~N~529.03125~-258~0~#000080~Arial~~~~~comment~10k~1~start~gge11303~0~#@$T~P~529.03125~-267~0~#000080~Arial~~~~~comment~R2~1~start~gge11305~0~#@$R~525~-255~~~20~10~#A00000~1~0~none~gge11307~0~#@$P~show~0~2~555~-250~0~gge11308~0^^555~-250^^M 545 -250 h 10~#800^^0~541~-250~0~2~end~~~#800^^0~549~-254~0~2~start~~~#800^^0~568~-250^^0~M 565 -253 L 562 -250 L 565 -247#@$P~show~0~1~515~-250~180~gge11315~0^^515~-250^^M 525 -250 h -10~#800^^0~529~-250~0~1~start~~~#800^^0~521~-254~0~1~end~~~#800^^0~502~-250^^0~M 505 -247 L 508 -250 L 505 -253","LIB~180~-220~package`R_AXIAL-0.4`nameAlias`Value(\u03a9)`BOM_Supplier Part``BOM_Supplier``Contributor`LCEDA_Lib`spicePre`R`spiceSymbolName`R_AXIAL-0.4_EU`BOM_Manufacturer Part``~~0~gge18e208364a7e8616~5905db98cde4487fbb177070aa85bbe1~f0bc163659d742bc8f021d00cdeb85b2~0~~yes~yes#@$T~N~174.03125~-228~0~#000080~Arial~~~~~comment~1k~1~start~gge11344~0~#@$T~P~174.03125~-237~0~#000080~Arial~~~~~comment~R4~1~start~gge11346~0~#@$R~170~-225~~~20~10~#A00000~1~0~none~gge11348~0~#@$P~show~0~2~200~-220~0~gge11349~0^^200~-220^^M 190 -220 h 10~#800^^0~186~-220~0~2~end~~~#800^^0~194~-224~0~2~start~~~#800^^0~213~-220^^0~M 210 -223 L 207 -220 L 210 -217#@$P~show~0~1~160~-220~180~gge11356~0^^160~-220^^M 170 -220 h -10~#800^^0~174~-220~0~1~start~~~#800^^0~166~-224~0~1~end~~~#800^^0~147~-220^^0~M 150 -217 L 153 -220 L 150 -223","LIB~170~-280~package`R_AXIAL-0.4`nameAlias`Value(\u03a9)`BOM_Supplier Part``BOM_Supplier``Contributor`LCEDA_Lib`spicePre`R`spiceSymbolName`R_AXIAL-0.4_EU`BOM_Manufacturer Part``~~0~gge29d872923a7c7af4~5905db98cde4487fbb177070aa85bbe1~f0bc163659d742bc8f021d00cdeb85b2~0~~yes~yes#@$T~N~164.03125~-288~0~#000080~Arial~~~~~comment~k680~1~start~gge11384~0~#@$T~P~164.03125~-296.859375~0~#000080~Arial~~~~~comment~R5~1~start~gge11386~0~#@$R~160~-285~~~20~10~#A00000~1~0~none~gge11388~0~#@$P~show~0~2~190~-280~0~gge11389~0^^190~-280^^M 180 -280 h 10~#800^^0~176~-280~0~2~end~~~#800^^0~184~-284~0~2~start~~~#800^^0~203~-280^^0~M 200 -283 L 197 -280 L 200 -277#@$P~show~0~1~150~-280~180~gge11396~0^^150~-280^^M 160 -280 h -10~#800^^0~164~-280~0~1~start~~~#800^^0~156~-284~0~1~end~~~#800^^0~137~-280^^0~M 140 -277 L 143 -280 L 140 -283","LIB~470~-600~package`R_AXIAL-0.4`nameAlias`Value(\u03a9)`BOM_Supplier Part``BOM_Supplier``Contributor`LCEDA_Lib`spicePre`R`spiceSymbolName`R_AXIAL-0.4_EU`BOM_Manufacturer Part``~~0~ggef6a283ed77a3418a~5905db98cde4487fbb177070aa85bbe1~f0bc163659d742bc8f021d00cdeb85b2~0~~yes~yes#@$T~N~464.03125~-608~0~#000080~Arial~~~~~comment~10k~1~start~gge11424~0~#@$T~P~464.03125~-617.046875~0~#000080~Arial~~~~~comment~R3~1~start~gge11426~0~#@$R~460~-605~~~20~10~#A00000~1~0~none~gge11428~0~#@$P~show~0~2~490~-600~0~gge11429~0^^490~-600^^M 480 -600 h 10~#800^^0~476~-600~0~2~end~~~#800^^0~484~-604~0~2~start~~~#800^^0~503~-600^^0~M 500 -603 L 497 -600 L 500 -597#@$P~show~0~1~450~-600~180~gge11436~0^^450~-600^^M 460 -600 h -10~#800^^0~464~-600~0~1~start~~~#800^^0~456~-604~0~1~end~~~#800^^0~437~-600^^0~M 440 -597 L 443 -600 L 440 -603","J~505~-250~2.5~#CC0000~gge909~0","J~775~-375~2.5~#CC0000~gge7773~0","J~775~-535~2.5~#CC0000~gge7772~0","J~775~-555~2.5~#CC0000~gge7771~0","J~460~-250~2.5~#CC0000~gge11301~0","J~555~-250~2.5~#CC0000~gge11323~0","I~725~-50~44~44~0~https:\/\/lh3.googleusercontent.com\/-SmKnPO5xKyw\/AAAAAAAAAAI\/AAAAAAAAAAA\/aPt3puV_YN4\/s44-p-k-no-ns-nd\/photo.jpg~gge10679~0~"],"BBox":{"x":-0.4,"y":-806.8,"width":1149.4,"height":807.1},"colors":[]}}],"docType":5,"title":"technip_sender2020","name":"technip_sender2020"}